user_id,retweet_count,retweeted,favorite_count,text,hashtags,mentions,created_at,created_str
2570631118.0,,,,#Hillary would be an ‘excellent president’ - #Obama. Tastes differ http://t.co/d9y9ZpIZMW,"[""Hillary""]",[],1428826358000.0,2015-04-12 08:12:38
2570631118.0,,,,#NBA to test players for human #growth #hormone. NBA founded in 1946. Good ideas come once in 69 years http://t.co/0lDcj5Mc…,"[""nba""]",[],1429303801000.0,2015-04-17 20:50:01
2570631118.0,,,,Car bomb explodes outside #US #Consulate in northern #Iraq,"[""US""]",[],1429303810000.0,2015-04-17 20:50:10
2570631118.0,,,,"#RoyalBaby was born today, congratulations! Newborn is expecting new colonies more than toys","[""RoyalBaby""]",[],1430603253000.0,2015-05-02 21:47:33
2570631118.0,,,,Lawmakers encourage #Obama to select a progressive new DEA chief #druglaws http://t.co/Qny0JHayRo,"[""Obama""]",[],1430603286000.0,2015-05-02 21:48:06
2570631118.0,,,,#NY state #senate leader #DeanSkelos is expected to be arrested for #corruption. Real leaders know how to forge ahead http:…,"[""NY""]",[],1430608629000.0,2015-05-02 23:17:09
2570631118.0,,,,#Nigeria's military has rescued 234 more women and children from #BokoHaram. That's what a real serving means,"[""Nigeria""]",[],1430608666000.0,2015-05-02 23:17:46
2570631118.0,,,,"George Stephanopoulos discloses $50,000 contribution to #ClintonFoundation","[""ClintonFoundation""]",[],1431653492000.0,2015-05-15 01:31:32
2570631118.0,,,,#ISIS senior leader #AbuSayyaf killed in U.S. raid in #Syria. #Obama's meeting with #Saudi princes was succesful,"[""ISIS""]",[],1431781092000.0,2015-05-16 12:58:12
2570631118.0,,,,"For the first time in 14 years, the #NSA can’t get your phone records. Stay #anonymous! http://t.co/vZVHwuhThG","[""NSA""]",[],1433193567000.0,2015-06-01 21:19:27
2570631118.0,,,,I'll tell you #HowItFeelsToBeABlackGirl http://t.co/RCoqOCJGKk,"[""HowItFeelsToBeABlackGirl""]",[],1434615199000.0,2015-06-18 08:13:19
2570631118.0,,,,#DonaldTrump files $500million lawsuit against Univision over ending contract with #MissUniverso  following Trump's http://…,"[""DonaldTrump""]",[],1435704116000.0,2015-06-30 22:41:56
2570631118.0,,,,"#Trump defends inflammatory comments, asks 'Who is doing the raping?' http://t.co/RlJgc2YpHW","[""Trump""]",[],1435804030000.0,2015-07-02 02:27:10
2570631118.0,,,,Tom Cotton: Senators who vote for Iran deal put their 'political fate in the hands of Allah',[],[],1436886600000.0,2015-07-14 15:10:00
2570631118.0,,,,Biden looks like he will burn you with the heat of his eyes #IranDeal #ObamaSpeech http://t.co/VC7Iqb85Th,"[""IranDeal""]",[],1436886664000.0,2015-07-14 15:11:04
2570631118.0,,,,Happy #BastilleDay! http://t.co/b9Vb8rioNn,"[""BastilleDay""]",[],1436894102000.0,2015-07-14 17:15:02
2570631118.0,,,,Liberia confirms new #Ebola case as outbreak spreads via @Reuters http://t.co/Cl2uTF72Zs,"[""Ebola""]",[],1436894261000.0,2015-07-14 17:17:41
2570631118.0,,,,President Obama delivers a statement on #IranDeal http://t.co/3PcUN9wnT8,"[""IranDeal""]",[],1436894518000.0,2015-07-14 17:21:58
2570631118.0,,,,"A #Bronx park barbecue turned into a #shootout as #gunfire erupted, wounding five people http://t.co/JMHkSNuSQV","[""Bronx""]",[],1437429741000.0,2015-07-20 22:02:21
2570631118.0,,,,#IfICouldTalkToGod I would ask him if he actually likes listening to our prayers on Sunday morning,"[""IfICouldTalkToGod""]",[],1437568318000.0,2015-07-22 12:31:58
2570631118.0,,,,#UnexcitingVideoGames GTA (Grand Trump's Apologies) http://t.co/668ZecSfV3,"[""UnexcitingVideoGames""]",[],1437570115000.0,2015-07-22 13:01:55
2570631118.0,,,,#IWasSoHighOneDay that I woke up in Kenya http://t.co/w6ztdqXU6M,"[""IWasSoHighOneDay""]",[],1437998168000.0,2015-07-27 11:56:08
2570631118.0,,,,#Kepler #WakeUpAmerica http://t.co/SlCvCnFaIm,"[""Kepler""]",[],1438073464000.0,2015-07-28 08:51:04
2570631118.0,,,,"Baron John Sewel, you should make my own House of Lords. With blackjack and... you know http://t.co/Edpj9SWYB0",[],[],1438076808000.0,2015-07-28 09:46:48
2570631118.0,,,,The Incredible Hillk,[],[],1438084528000.0,2015-07-28 11:55:28
2570631118.0,,,,How I Destroyed Your Motherland #DirtyPolitics ,"[""DirtyPolitics""]",[],1438157177000.0,2015-07-29 08:06:17
2570631118.0,,,,#WhyIsIt this way? ,"[""WhyIsIt""]",[],1438502918000.0,2015-08-02 08:08:38
2570631118.0,,,,#TheWorstPartOfDepressionIs the second term http://t.co/GLjgPC91Ph,"[""TheWorstPartOfDepressionIs""]",[],1438968897000.0,2015-08-07 17:34:57
2570631118.0,,,,Four of the last five US Presidents have been left-handed and some even left-minded #lefthandersday http://t.co/IsiyGLOFU4,"[""lefthandersday""]",[],1439477916000.0,2015-08-13 14:58:36
2570631118.0,,,,#IThinkIJustAccidentally http://t.co/Op1KlkIOiK,"[""IThinkIJustAccidentally""]",[],1439975481000.0,2015-08-19 09:11:21
2570631118.0,,,,Here are some of the best photos from the 2015 Sony World Photography Awards,[],[],1439987305000.0,2015-08-19 12:28:25
2570631118.0,,,,Happy #NationalAviationDay! http://t.co/juF6qSRJI3,"[""NationalAviationDay""]",[],1439996125000.0,2015-08-19 14:55:25
2570631118.0,,,,"The evolution of thoughts about #Trump .From ""what a hell he is doing"" to ""he is too damn right!"" hmm...","[""Trump""]",[],1440035605000.0,2015-08-20 01:53:25
2570631118.0,,,,#Economy http://t.co/akSN1ut1o4,"[""Economy""]",[],1440036588000.0,2015-08-20 02:09:48
2570631118.0,0.0,False,0.0,"#DonaldTrump to do a Reddit AMA on Wednesday
https://t.co/4R92X2OLpv https://t.co/AtRi7g6rz4","[""DonaldTrump""]",[],1469460307000.0,2016-07-25 15:25:07
2570631118.0,0.0,False,0.0,#DNC erects four-mile eight-foot tall fence around Philly convention site https://t.co/3N2N0wsHIP https://t.co/YmhXQwZ1xp,"[""DNC""]",[],1469463902000.0,2016-07-25 16:25:02
2570631118.0,0.0,False,0.0,"‘Lock her up’ chants made #HillaryClinton feel sad
https://t.co/vb4bBlEPZx https://t.co/dl54HAz5UD","[""HillaryClinton""]",[],1469467509000.0,2016-07-25 17:25:09
2570631118.0,0.0,False,0.0,World leaders will use #G20 to whine about #DonaldTrump instead of fixing economies https://t.co/B6kTdK8WQc https://t.co/defM2r8Jmy,"[""G20"",""DonaldTrump""]",[],1469471108000.0,2016-07-25 18:25:08
2570631118.0,0.0,False,0.0,#DonaldTrump bounces into the lead https://t.co/Oi9Kf9tGWz https://t.co/AguoAXTqE9,"[""DonaldTrump""]",[],1469481901000.0,2016-07-25 21:25:01
2570631118.0,0.0,False,0.0,#HillaryClinton said #Benghazi 'wasn't her ball to carry' https://t.co/XKtsIr1ox6 https://t.co/FmLrJmotSD,"[""Benghazi"",""HillaryClinton""]",[],1469485563000.0,2016-07-25 22:26:03
2570631118.0,0.0,False,0.0,French interior ministry says a second hostage is fighting for life after attack on church in Normandy https://t.co/P0cMZszpMa,[],[],1469527241000.0,2016-07-26 10:00:41
2570631118.0,4.0,False,3.0,#DNCinPHL sought to hide details of Clinton funding deal https://t.co/haCYEY23vq,"[""DNCinPHL""]",[],1469545486000.0,2016-07-26 15:04:46
2570631118.0,14.0,False,6.0,"Eva Longoria dings Donald Trump at DNC: My father is a veteran, not a rapist #DemsInPhilly https://t.co/znJBHE7RaU","[""DemsInPhilly""]",[],1469549403000.0,2016-07-26 16:10:03
2570631118.0,0.0,False,0.0,"Bill O'Reilly's jaw-dropping response to Michelle Obama: ""Slaves were well-fed"" https://t.co/8yJrPsrFKc",[],[],1469614389000.0,2016-07-27 10:13:09
2570631118.0,0.0,False,0.0,Hillary Clinton becomes first female nominee of major U.S. political party https://t.co/37alvao2Bn,[],[],1469619078000.0,2016-07-27 11:31:18
2570631118.0,3.0,False,3.0,Sanders asks delegates to accept Clinton's nomination #DNCatPHL https://t.co/BULP1rMHsb,"[""DNCatPHL""]",[],1469623614000.0,2016-07-27 12:46:54
2570631118.0,0.0,False,0.0,Seven arrested after breaching perimeter fence at #DNCinPHL https://t.co/C90OvkC7ld,"[""DNCinPHL""]",[],1469705482000.0,2016-07-28 11:31:22
2570631118.0,0.0,False,0.0,"Obama: ""If you're serious about our democracy, you can't afford to stay home"" #DNCinPHL https://t.co/xktnRQruMM","[""DNCinPHL""]",[],1469709190000.0,2016-07-28 12:33:10
2570631118.0,0.0,False,0.0,Obama revolution could hurt Hillary Clinton #DemsInPhilly https://t.co/SBJRcQjLj9,"[""DemsInPhilly""]",[],1469711764000.0,2016-07-28 13:16:04
2570631118.0,0.0,False,0.0,Michael Bloomberg proposes uniting against 'dangerous demagogue’ in #DNC speech https://t.co/AOPXiEHeHi,"[""DNC""]",[],1469714469000.0,2016-07-28 14:01:09
2570631118.0,0.0,False,0.0,".@BarackObama plays emotion card to shield Hillary Clinton from crucial, tough questions https://t.co/W0sbhP4lN3",[],"[""barackobama""]",1469715422000.0,2016-07-28 14:17:02
2570631118.0,0.0,False,0.0,"Trump once said Obama wasn't authentically American. Tonight, Obama returned the favor. https://t.co/fnS0WNd5gn",[],[],1469719259000.0,2016-07-28 15:20:59
2570631118.0,6.0,False,0.0,U.S. economy grew at pace of 1.2 percent in second quarter https://t.co/OaW6afc3lU,[],[],1469797033000.0,2016-07-29 12:57:13
2570631118.0,25.0,False,3.0,Clinton Foundation discloses $40 million in wall street donations https://t.co/8wVyf0Eb1K,[],[],1469803145000.0,2016-07-29 14:39:05
2570631118.0,0.0,False,0.0,Clinton campaign hacked https://t.co/VApMtCAfK6,[],[],1469876642000.0,2016-07-30 11:04:02
2570631118.0,11.0,False,7.0,Malia Obama prefers Lollapalooza over Hillary Clinton's speech #DemsInPhilly https://t.co/cerIq3ABKh,"[""DemsInPhilly""]",[],1469881990000.0,2016-07-30 12:33:10
2570631118.0,20.0,False,16.0,"#BREAKING
Several shot in deadly Austin 'Active Shooter Incident' 
#AustinShooting 
https://t.co/448FDs5kB3","[""AustinShooting"",""breaking""]",[],1469954930000.0,2016-07-31 08:48:50
2570631118.0,0.0,False,0.0,"NBC poll:
Trump 42
Clinton 50
Clinton gains after recent controversial revelations, RNC did not work out for Trump https://t.co/gZmQxhIISx",[],[],1470139669000.0,2016-08-02 12:07:49
2570631118.0,0.0,False,0.0,"SurveyMonkey
Trump 42
Clinton 50
Clinton gains after recent controversial revelations,RNC did not work out for Trump https://t.co/Iy9UN3EYtw",[],[],1470140031000.0,2016-08-02 12:13:51
2570631118.0,8.0,False,5.0,@wikileaks guarantees @HillaryClinton's criminal trial:next release promises provide enough evidence for her arrest https://t.co/r9aZyZ6iVe,[],"[""wikileaks"",""hillaryclinton""]",1470142932000.0,2016-08-02 13:02:12
2570631118.0,0.0,False,0.0,@realDonaldTrump calls @HillaryClinton 'pathological liar' despite having his own charges of lying in his campaign https://t.co/aw9mlYtXPn,[],"[""hillaryclinton"",""realdonaldtrump""]",1470144668000.0,2016-08-02 13:31:08
2570631118.0,1.0,False,2.0,#breaking: President Obama urges GOP to abandon Donald Trump: he is “unfit to serve as president” https://t.co/x3CZeoRxLV,"[""breaking""]",[],1470153574000.0,2016-08-02 15:59:34
2570631118.0,3.0,False,2.0,"@HillaryClinton will present a historical jobs program. You could have heard of it before, back in 2009. https://t.co/djsm96ZD2h",[],"[""hillaryclinton""]",1470153911000.0,2016-08-02 16:05:11
2570631118.0,1.0,False,0.0,@BernieSanders to sue DNC administration for bias and conflict of interests https://t.co/5GuACETj4t,[],"[""berniesanders""]",1470158588000.0,2016-08-02 17:23:08
2570631118.0,2.0,False,0.0,@HillaryClinton defeats every political rule we know about; doubts start creeping. Is it already time to worry? https://t.co/vSUJa0lOl2,[],"[""hillaryclinton""]",1470165667000.0,2016-08-02 19:21:07
2570631118.0,1.0,False,2.0,"Trump offends parents of soldier killed in Iraq, draws sharp criticism https://t.co/A6TCbJTgTd",[],[],1470172264000.0,2016-08-02 21:11:04
2570631118.0,0.0,False,0.0,"@HillaryClinton could win because she controls corporations, illegal immigrants, pro-Sanders youth, military workers, bankers, and women.",[],"[""hillaryclinton""]",1470182223000.0,2016-08-02 23:57:03
2570631118.0,0.0,False,0.0,RT @CNNPolitics: Eric Trump says Ivanka would not allow herself to be sexually harassed https://t.co/5LMKcqlGD6 via @Eugene_Scott https://t…,[],"[""cnnpolitics"",""eugene_scott""]",1470184147000.0,2016-08-03 00:29:07
2570631118.0,2.0,False,2.0,Obama issues record-breaking 214 commutations https://t.co/ql0kW0Wwpi,[],[],1470323408000.0,2016-08-04 15:10:08
2570631118.0,1.0,False,0.0,"Pence endorses Ryan, despite Trump's refusal #TrumpPence16 https://t.co/wUYSFizKBU","[""TrumpPence16""]",[],1470324842000.0,2016-08-04 15:34:02
2570631118.0,0.0,False,0.0,"Poll in New Hampshire shows Clinton 47%, Trump 32%, WBUR says https://t.co/6hBepr3OPV",[],[],1470326281000.0,2016-08-04 15:58:01
2570631118.0,4.0,False,8.0,Clint Eastwood: Everyone needs to 'get over' Donald Trump's racism https://t.co/qkCtmkf2Qu,[],[],1470329107000.0,2016-08-04 16:45:07
2570631118.0,13.0,False,8.0,Sasha Obama mans the cash register at her unglamorous summer job working at a seafood shack https://t.co/E4VBhfOTkt,[],[],1470335761000.0,2016-08-04 18:36:01
2570631118.0,3.0,False,2.0,Obama: Islamic State likely to continue to threaten US https://t.co/Ou7xc4DWpC,[],[],1470410567000.0,2016-08-05 15:22:47
2570631118.0,1.0,False,1.0,Secret Service rushes stage to protect Clinton from protesters https://t.co/BtYIbA0Cct,[],[],1470413749000.0,2016-08-05 16:15:49
2570631118.0,4.0,False,4.0,Joe Biden had the most adorable birthday message for Barack Obama https://t.co/RTlcusAOUt,[],[],1470415865000.0,2016-08-05 16:51:05
2570631118.0,2.0,False,2.0,"Now @realDonaldTrump owns a Purple Heart. Although, he did not earn it in a battle. https://t.co/sJM9aSoLCD",[],"[""realdonaldtrump""]",1470497165000.0,2016-08-06 15:26:05
2570631118.0,547.0,False,341.0,"Khizr Khan, the Muslim Gold Star father, busted: he was paid $375,000 by @HillaryClinton  for his speech https://t.co/38D6EpzTlz",[],"[""hillaryclinton""]",1470502927000.0,2016-08-06 17:02:07
2570631118.0,83.0,False,43.0,"Wikileaks reveals:@HillaryClinton earned a staggering $100,000 whilst arming ISIS militants in Syria https://t.co/ay9kuBBcQS",[],"[""hillaryclinton""]",1470510842000.0,2016-08-06 19:14:02
2570631118.0,3.0,False,4.0,@realDonaldTrump trails @HillaryClinton by a narrow margin: Clinton leads by less than 3 points https://t.co/iWFaRdXgvu,[],"[""hillaryclinton"",""realdonaldtrump""]",1470519548000.0,2016-08-06 21:39:08
2570631118.0,5.0,False,5.0,Donald Jr. and Eric Trump left the country on a hunting trip. https://t.co/T9XKICysNr,[],[],1470523264000.0,2016-08-06 22:41:04
2570631118.0,6.0,False,4.0,Montana GOP lawmakers Nick Schwaderer and Daniel Zolnikov endorse Libertarian Gary Johnson for president https://t.co/IR1hm17y0S,[],[],1470526025000.0,2016-08-06 23:27:05
2570631118.0,0.0,False,0.0,Roger Ailes used Fox News budget to finance ‘Black Room’ campaigns against his enemies https://t.co/AkFClcr4on,[],[],1470573618000.0,2016-08-07 12:40:18
2570631118.0,14.0,False,8.0,Trump questions Hillary's mental health and claims she will cause 'the destruction of our country from within' https://t.co/hXxEYPI867,[],[],1470576126000.0,2016-08-07 13:22:06
2570631118.0,4.0,False,3.0,Poll finds @HillaryClinton has widened lead ahead of @realDonaldTrump to 8 points https://t.co/zXAG2sy22a,[],"[""realdonaldtrump"",""hillaryclinton""]",1470583924000.0,2016-08-07 15:32:04
2570631118.0,4.0,False,4.0,Leader of American Nazi Party: Trump win will be ‘a real opportunity’ for us https://t.co/IbwB6prvkk,[],[],1470590944000.0,2016-08-07 17:29:04
2570631118.0,5.0,False,5.0,San Diego police shooting highlights inconsistent body cam usage: they are huge and officers don't turn them on https://t.co/mUCMANKhwW,[],[],1470594307000.0,2016-08-07 18:25:07
2570631118.0,16.0,False,18.0,Woman helped her @Uber driver to raise money for his trip to Rio to support his son - Olympic sportsman https://t.co/6t8alD1RA7,[],"[""uber""]",1470605485000.0,2016-08-07 21:31:25
2570631118.0,39.0,False,13.0,President Obama plays 300th round of golf as president https://t.co/sKRAoAXWJ5,[],[],1470660679000.0,2016-08-08 12:51:19
2570631118.0,0.0,False,0.0,.@georgepbush urges Republicans to back Trump https://t.co/N4U4R3rrqD,[],"[""georgepbush""]",1470666129000.0,2016-08-08 14:22:09
2570631118.0,9.0,False,7.0,Republicans warn @realDonaldTrump : Right the ship or lose Senate https://t.co/vJejmZoVZT,[],"[""realdonaldtrump""]",1470669126000.0,2016-08-08 15:12:06
2570631118.0,0.0,False,0.0,Anti-Trump Republican Evan McMullin to launch independent bid for presidency https://t.co/1x8xtn8Kli,[],[],1470671268000.0,2016-08-08 15:47:48
2570631118.0,12.0,False,6.0,Anti-Trump Republican Evan McMullin to launch independent bid for presidency https://t.co/zsgKGbVkLk,[],[],1470671385000.0,2016-08-08 15:49:45
2570631118.0,21.0,False,13.0,Protesters forcibly removed after disrupting Donald Trump speech in Detroit https://t.co/0yCOqvdbtY,[],[],1470679563000.0,2016-08-08 18:06:03
2570631118.0,34.0,False,11.0,62-year-old-man beaten with a crowbar for wearing #Trump t-shirt https://t.co/huaXcfVUYT,"[""Trump""]",[],1470757588000.0,2016-08-09 15:46:28
2570631118.0,46.0,False,35.0,Sheriff David Clark calls #HillaryClinton a 'straight-up cop hater' https://t.co/cXmTTCUWxZ,"[""HillaryClinton""]",[],1470759251000.0,2016-08-09 16:14:11
2570631118.0,29.0,False,8.0,Record 600 Major Regulations Imposed Under #Obama https://t.co/COy87bD0fg,"[""Obama""]",[],1470761827000.0,2016-08-09 16:57:07
2570631118.0,29.0,False,13.0,"#HillaryClinton vows to go after people who don’t exist, silence dissent on climate change https://t.co/gyYA1EduRz","[""HillaryClinton""]",[],1470764589000.0,2016-08-09 17:43:09
2570631118.0,69.0,False,35.0,#WikiLeaks issues a $20K reward for information leading to conviction for the murder of DNC staffer Seth Rich. https://t.co/i4CPyTGu8y,"[""wikileaks""]",[],1470769026000.0,2016-08-09 18:57:06
2570631118.0,47.0,False,20.0,#BernieSanders buys a $600K mansiona right after endorsing #HillaryClinton https://t.co/u899OEqTmu,"[""BernieSanders"",""HillaryClinton""]",[],1470826873000.0,2016-08-10 11:01:13
2570631118.0,3.0,False,3.0,"#Trump's ""Second amendment people"" comment sparks an outrage #NorthCarolina https://t.co/PB0sZgoxW0","[""Trump"",""NorthCarolina""]",[],1470829207000.0,2016-08-10 11:40:07
2570631118.0,62.0,False,25.0,#JudicialWatch released emails #HillaryClinton thought she had deleted https://t.co/pbOMJvurrw,"[""JudicialWatch"",""HillaryClinton""]",[],1470834067000.0,2016-08-10 13:01:07
2570631118.0,6.0,False,0.0,#HillaryClinton #Pennsylvania democratic event is scheduled on August15 https://t.co/B6zJw7xK6w,"[""HillaryClinton"",""Pennsylvania""]",[],1470836528000.0,2016-08-10 13:42:08
2570631118.0,89.0,False,35.0,Emails reveal #HillaryClinton's shocking ‘pay for play’ scheme https://t.co/evLiAfEflr,"[""HillaryClinton""]",[],1470838567000.0,2016-08-10 14:16:07
2570631118.0,14.0,False,7.0,#HillaryClinton personally delivers big boost to #WassermanSchultz https://t.co/Z2UUUiLx6G,"[""HillaryClinton"",""WassermanSchultz""]",[],1470840907000.0,2016-08-10 14:55:07
2570631118.0,141.0,False,81.0,#HillaryClinton's health in rapid decline. Media's dismisses it https://t.co/xqStuXFRDN,"[""HillaryClinton""]",[],1470842885000.0,2016-08-10 15:28:05
2570631118.0,48.0,False,21.0,#Obama issued $743B in regs https://t.co/H8ZR38jbrv,"[""Obama""]",[],1470848524000.0,2016-08-10 17:02:04
2570631118.0,8.0,False,5.0,Donald Trump calls Obama ‘Founder of ISIS’ and says it honors him https://t.co/IWsDRZgHKm,[],[],1470918889000.0,2016-08-11 12:34:49
2570631118.0,2.0,False,1.0,Reagan daughter blasts Trump for inciting violence https://t.co/CIPr8YIznD,[],[],1470920717000.0,2016-08-11 13:05:17
2570631118.0,2.0,False,2.0,Sean Duffy: Donald Trump should release his taxes https://t.co/MUOuX3004B,[],[],1470923312000.0,2016-08-11 13:48:32
2570631118.0,10.0,False,2.0,New Emails raise questions about ties between @ClintonFdn and @StateDept https://t.co/IFmTURejQd,[],"[""clintonfdn"",""statedept""]",1470924188000.0,2016-08-11 14:03:08
2570631118.0,0.0,False,0.0,.@SecretService spoke to Trump campaign about 2nd Amendment comment https://t.co/B6yMohM6IJ,[],"[""secretservice""]",1470927484000.0,2016-08-11 14:58:04
2570631118.0,3.0,False,1.0,Man scaling Trump Tower in New York City wanted meeting with @realDonaldTrump https://t.co/AXH9Jwe5fH,[],"[""realdonaldtrump""]",1470928744000.0,2016-08-11 15:19:04
2570631118.0,1.0,False,0.0,.@HillaryClinton wrestles with a stubborn swing state https://t.co/HAfY6qNYVH,[],"[""hillaryclinton""]",1470934984000.0,2016-08-11 17:03:04
2570631118.0,4.0,False,4.0,Trump adds 8 women to economic policy team after criticism https://t.co/xp38s5y95i,[],[],1471016343000.0,2016-08-12 15:39:03
2570631118.0,1.0,False,0.0,Showtime eying @StephenColbert Live Special for #Election2016 night https://t.co/Sk0Qbade9K,"[""Election2016""]","[""stephencolbert""]",1471018386000.0,2016-08-12 16:13:06
2570631118.0,2.0,False,0.0,#BlackLivesMatter rioters target white people for beat down https://t.co/KHMAv8X7Nd,"[""Blacklivesmatter""]",[],1471193166000.0,2016-08-14 16:46:06
2570631118.0,0.0,False,0.0,New State Department emails reveal #HillaryClinton slept past staff efforts to set up intelligence briefing https://t.co/GGNXUGuVzP,"[""HillaryClinton""]",[],1471196344000.0,2016-08-14 17:39:04
2570631118.0,2.0,False,1.0,#BillClinton: Hillary’s Email crimes are Tto complicated for ordinary people to understand #ClintonScandals https://t.co/KFNbb6Reyj,"[""ClintonScandals"",""BillClinton""]",[],1471197787000.0,2016-08-14 18:03:07
2570631118.0,0.0,False,0.0,C. Page^ Hillary’s candidacy would be almost finished if it wasn’t for #Trump ‘distracting’ from her controversies https://t.co/rHk4pEwNLQ,"[""Trump""]",[],1471201147000.0,2016-08-14 18:59:07
2570631118.0,11.0,False,11.0,#FBI opens up new criminal investigation into Clinton family #Corruption #ClintonFoundation https://t.co/lrJF9Hpl4g,"[""ClintonFoundation"",""Corruption"",""FBI""]",[],1471204323000.0,2016-08-14 19:52:03
2570631118.0,0.0,False,0.0,"#Trump: I’m running against media, not #HillaryClinton https://t.co/q7AVhRvFep","[""HillaryClinton"",""Trump""]",[],1471206617000.0,2016-08-14 20:30:17
2570631118.0,0.0,False,0.0,President Obama interrupting vacation to campaign for Clinton https://t.co/gXJOHP3QAq,[],[],1471265501000.0,2016-08-15 12:51:41
2570631118.0,13.0,False,6.0,.@StateDept leaves contractors in Afghanistan without escape plan https://t.co/kHOjVjuEqH,[],"[""statedept""]",1471272846000.0,2016-08-15 14:54:06
2570631118.0,0.0,False,0.0,Clinton’s HIV Secret revealed  – this Could end Hillary’s campaign! https://t.co/WhoChuHqge,[],[],1471353128000.0,2016-08-16 13:12:08
2570631118.0,0.0,False,0.0,Biden on Trump: ‘He would have loved Stalin’ https://t.co/8wGlcl5M69,[],[],1471360445000.0,2016-08-16 15:14:05
2570631118.0,0.0,False,0.0,"#HillaryCLinton e-mails to be released, #FBI turns over secret documents to GOP lawmakers https://t.co/Er8j35V8CS","[""HillaryClinton"",""FBI""]",[],1471437068000.0,2016-08-17 12:31:08
2570631118.0,1.0,False,3.0,#Milwaukee sheriff David Clarke: 'Stop Trying To Fix The Police. Fix The Ghetto!' https://t.co/iqq2JVfdwF,"[""Milwaukee""]",[],1471440905000.0,2016-08-17 13:35:05
2570631118.0,0.0,False,0.0,Website offers $1 million bounty for #HillaryClinton's medical records https://t.co/2aKEzAS3A5,"[""HillaryClinton""]",[],1471445521000.0,2016-08-17 14:52:01
2570631118.0,0.0,False,0.0,#Trump pops lead over #HillaryClinton in #Iowa State Fair corn poll https://t.co/KWd9IBMB2P,"[""Trump"",""Iowa"",""HillaryClinton""]",[],1471450208000.0,2016-08-17 16:10:08
2570631118.0,0.0,False,0.0,#Obama allies cry foul over #Aetna snub https://t.co/wZorRADmeH,"[""Aetna"",""Obama""]",[],1471452422000.0,2016-08-17 16:47:02
2570631118.0,1.0,False,0.0,#Obama signs executive order that bans the pledge of allegiance in schools around the country https://t.co/GoU4BinR3j,"[""Obama""]",[],1471454886000.0,2016-08-17 17:28:06
2570631118.0,0.0,False,0.0,@HillaryClinton hires hackers after suspected hacking https://t.co/vcJ2sX7h3X,[],"[""hillaryclinton""]",1471525366000.0,2016-08-18 13:02:46
2570631118.0,0.0,False,0.0,@realDonaldTrump pledges the world will be calling him 'Mr. Brexit'. The world is confused. https://t.co/mKxYydT5EF,[],"[""realdonaldtrump""]",1471527945000.0,2016-08-18 13:45:45
2570631118.0,0.0,False,0.0,@realDonaldTrump pledges the world will be calling him 'Mr. Brexit'. The world is confused. https://t.co/ZlouvwuJyZ,[],"[""realdonaldtrump""]",1471539779000.0,2016-08-18 17:02:59
2570631118.0,0.0,False,0.0,"#HillaryClinton promises to add 10M+ jobs if elected; however,if she did nothing, the economy'd still add 7.2M jobs https://t.co/G91TNVaP76","[""HillaryClinton""]",[],1471541045000.0,2016-08-18 17:24:05
2570631118.0,0.0,False,0.0,Polls: Latinos prefer #HillaryClinton to #realDonaldTrump; 78% believe that Trump is not honest or trustworthy https://t.co/zqoJpVuhM0,"[""realdonaldtrump"",""HillaryClinton""]",[],1471555508000.0,2016-08-18 21:25:08
2570631118.0,8.0,False,6.0,Clinton's ties to rich foreign businessmen raise questions whether State Dept is unbiased https://t.co/h2g4WOr59g,[],[],1471570267000.0,2016-08-19 01:31:07
2570631118.0,0.0,False,0.0,"Obama visit will ‘basically’ normalize relations with Laos, official says https://t.co/91G2g2HduF",[],[],1471613826000.0,2016-08-19 13:37:06
2570631118.0,8.0,False,7.0,Republican presidential nominee Donald Trump's campaign chairman Paul Manafort has resigned https://t.co/bZsuBlTQo1,[],[],1471616096000.0,2016-08-19 14:14:56
2570631118.0,70.0,False,65.0,"Colin Powell: ""No recollection"" of advising Hillary Clinton to use personal email https://t.co/GMWgH2iUoz",[],[],1471624983000.0,2016-08-19 16:43:03
2570631118.0,5.0,False,4.0,Judge: No deposition for @HillaryClinton but she'll have to answer written questions https://t.co/EV6A9skIAk,[],"[""hillaryclinton""]",1471701944000.0,2016-08-20 14:05:44
2570631118.0,0.0,False,0.0,Donald Trump faces new backlash over pitch to black voters https://t.co/wRlHUNJqrc,[],[],1471705266000.0,2016-08-20 15:01:06
2570631118.0,39.0,False,52.0,Trump stays on script to hammer Clinton https://t.co/7H52CaQoAY,[],[],1471708873000.0,2016-08-20 16:01:13
2570631118.0,41.0,False,36.0,Donald Trump leads Hillary Clinton in the USC Dornsife/Los Angeles Times https://t.co/WgOxCivThh,[],[],1471717758000.0,2016-08-20 18:29:18
2570631118.0,17.0,False,13.0,"#Snopes caught lying for #HillaryClinton again, justifying her laughter upon 1975 rape case https://t.co/NzL0iSEUiL","[""Snopes"",""HillaryClinton""]",[],1471792783000.0,2016-08-21 15:19:43
2570631118.0,30.0,False,11.0,Revealed: #GeorgeSoros changed Obama’s policy on increasing the total number of refugees to 100K annually. https://t.co/aESOtR1Q5M,"[""GeorgeSoros""]",[],1471795254000.0,2016-08-21 16:00:54
2570631118.0,23.0,False,21.0,Trump: ‘African-American people have been absolutely mistreated and abused by democratic politicians’ https://t.co/AG571BhFs1,[],[],1471797550000.0,2016-08-21 16:39:10
2570631118.0,9.0,False,9.0,LA Times poll: #DonaldTrump up two points over #HillaryClinton https://t.co/nz0isONSW5,"[""DonaldTrump"",""HillaryClinton""]",[],1471803010000.0,2016-08-21 18:10:10
2570631118.0,1.0,False,3.0,"Former Gitmo detainee arrested, charged with being top #ISIS recruiter https://t.co/28HSkna00g","[""ISIS""]",[],1471805403000.0,2016-08-21 18:50:03
2570631118.0,7.0,False,4.0,MSNBC says #Reagan administration is to blame for #Obama’s $400 million #Iran ransom https://t.co/16lLDBRyBl,"[""Reagan"",""Obama"",""Iran""]",[],1471807868000.0,2016-08-21 19:31:08
2570631118.0,15.0,False,10.0,#Melbourne graffiti artist sprays burqa over provocative #HillaryClinton mural https://t.co/qW8H45Mpv5,"[""HillaryClinton"",""Melbourne""]",[],1471812483000.0,2016-08-21 20:48:03
2570631118.0,0.0,False,0.0,#HillaryClinton Flies in private jet 40 miles from Martha’s Vineyard to Nantucket https://t.co/HcIPNz8yxF,"[""HillaryClinton""]",[],1471813281000.0,2016-08-21 21:01:21
2570631118.0,9.0,False,3.0,‘No Right to Exist’ #Clinton campaign vows to shut down news site that opposes her https://t.co/yugtFFxY9Z,"[""Clinton""]",[],1471881734000.0,2016-08-22 16:02:14
2570631118.0,53.0,False,19.0,"#HillaryClinton’s top aide Huma Abedin published articles that blamed USA for #911, blamed women for violence https://t.co/QHS0ldUWi4","[""HillaryClinton""]",[],1471882989000.0,2016-08-22 16:23:09
2570631118.0,3.0,False,1.0,#Clinton campaign halfway to $1 billion fundraising goal https://t.co/eV8EYgNPZv,"[""Clinton""]",[],1471892826000.0,2016-08-22 19:07:06
2570631118.0,7.0,False,1.0,Signs suggest #HillaryClinton may be more open to lobbyists in her administration https://t.co/Ekmd5gMU0o,"[""HillaryClinton""]",[],1471894146000.0,2016-08-22 19:29:06
2570631118.0,0.0,False,0.0,"Clinton campaign not planning to air ads in Virginia, Colorado ahead of Election Day https://t.co/sGoJmPKc08",[],[],1471973650000.0,2016-08-23 17:34:10
2570631118.0,0.0,False,0.0,"On Jimmy Kimmel Hillary Clinton jokes about health rumors, email woes https://t.co/dUzNMGwEU9",[],[],1471982226000.0,2016-08-23 19:57:06
2570631118.0,43.0,False,37.0,Judge temporarily blocks Obama school transgender bathroom policy https://t.co/N6fSzSThdA,[],[],1471987026000.0,2016-08-23 21:17:06
2570631118.0,51.0,False,42.0,Obama to survey in #LouisianaFlood after 16-day vacation https://t.co/f8c4SWEqhr,"[""LouisianaFlood""]",[],1471998066000.0,2016-08-24 00:21:06
2570631118.0,0.0,False,0.0,#Wikileaks will ‘absolutely’ release ‘significant’ #HillaryClinton documents before election https://t.co/HhZfcZL883,"[""HillaryClinton"",""wikileaks""]",[],1472150167000.0,2016-08-25 18:36:07
2570631118.0,0.0,False,0.0,#HillaryClinton knew her aides were working with family foundation despite her pledge not to https://t.co/TezJMIeZmv,"[""HillaryClinton""]",[],1472151598000.0,2016-08-25 18:59:58
2570631118.0,0.0,False,0.0,"#HillaryClinton: ‘Lot of Smoke,’ But ‘No Fire’ With #ClintonFoundation https://t.co/INl9uUjyLo","[""ClintonFoundation"",""HillaryClinton""]",[],1472154509000.0,2016-08-25 19:48:29
2570631118.0,0.0,False,2.0,#BritishParty calls #HillaryClinton Islam’s whore https://t.co/KjVcRlFj1R,"[""HillaryClinton"",""BritishParty""]",[],1472158875000.0,2016-08-25 21:01:15
2570631118.0,0.0,False,0.0,#WikiLeaks: #HillaryClinton emailed details of new implantable heart defibrillator https://t.co/yl5f0b7fB5,"[""HillaryClinton"",""wikileaks""]",[],1472161627000.0,2016-08-25 21:47:07
2570631118.0,0.0,False,0.0,#CNN's Sellers pushes blame for black poverty from dems to #GOP legislatures https://t.co/LcG2iHMuZa,"[""GOP"",""CNN""]",[],1472163548000.0,2016-08-25 22:19:08
2570631118.0,10.0,False,2.0,1/3 Of Abedin emails 100% redacted https://t.co/ZEPLQ5TX4Y,[],[],1472227416000.0,2016-08-26 16:03:36
2570631118.0,0.0,False,0.0,#Benghazi documents found in deleted #HillaryClinton email files https://t.co/UasOkxTuNE,"[""HillaryClinton"",""Benghazi""]",[],1472228647000.0,2016-08-26 16:24:07
2570631118.0,0.0,False,0.0,"Mark Levin defends #Trump, exposes segregationist and #KKK connections of #HillaryClinton https://t.co/xJwqYDOg2y","[""HillaryClinton"",""KKK"",""Trump""]",[],1472230850000.0,2016-08-26 17:00:50
2570631118.0,0.0,False,0.0,Chelsea Handler mocks Melania #Trump after she threatens to sue news outlets https://t.co/3cuAO9BAXi,"[""Trump""]",[],1472233208000.0,2016-08-26 17:40:08
2570631118.0,0.0,False,0.0,Man who invented email endorses #Trump https://t.co/pGMLlyLSKG,"[""Trump""]",[],1472235312000.0,2016-08-26 18:15:12
2570631118.0,0.0,False,0.0,#CNN cancels ‘Dr. Drew’ after #HillaryClinton claims https://t.co/n9r1VXbXUP,"[""HillaryClinton"",""CNN""]",[],1472238039000.0,2016-08-26 19:00:39
2570631118.0,36.0,False,35.0,Millennial voters washing their hands’ of #HillaryClinton as they learn about #ClintonFoundation corruption https://t.co/7ZpgdMGbRQ,"[""HillaryClinton"",""ClintonFoundation""]",[],1472240109000.0,2016-08-26 19:35:09
2570631118.0,0.0,False,0.0,Colin McEnroe: #Trump counting on the invisible voters https://t.co/kSYX1v9Zxm,"[""Trump""]",[],1472241308000.0,2016-08-26 19:55:08
2570631118.0,0.0,False,0.0,It turns out #HillaryClinton is the only presidential candidate with ties to the #KKK https://t.co/rktoP40JR0,"[""HillaryClinton"",""KKK""]",[],1472243045000.0,2016-08-26 20:24:05
2570631118.0,11.0,False,12.0,#TrumpsDoctor: I wrote Trump's bill of health in 5 minutes https://t.co/07M09f6K5G,"[""TrumpsDoctor""]",[],1472314027000.0,2016-08-27 16:07:07
2570631118.0,0.0,False,0.0,Trump's softened immigration plan hardens again https://t.co/WozBVpNHgJ,[],[],1472318719000.0,2016-08-27 17:25:19
2570631118.0,0.0,False,0.0,#DonaldTrump: #HillaryClinton supports catch and release policies https://t.co/m1BnuaX3NF,"[""HillaryClinton"",""DonaldTrump""]",[],1472400325000.0,2016-08-28 16:05:25
2570631118.0,21.0,False,10.0,"#HilaryClinton openly brags about having a critical voice in the invasion of Libya, which led to the rise of #ISIS https://t.co/Mv937OgbUq","[""HilaryClinton"",""ISIS""]",[],1472405347000.0,2016-08-28 17:29:07
2570631118.0,29.0,False,21.0,#BillClinton bombed #Saddam to distract from the Monica Lewinsky scandal - what Abedin's journal claimed about him https://t.co/7UcziiFynm,"[""Saddam"",""BillClinton""]",[],1472407387000.0,2016-08-28 18:03:07
2570631118.0,34.0,False,15.0,Extensive criticism of #Clinton edited out of #GreenParty nominee’s answer during #PBS interview https://t.co/LAZ32bMnCA,"[""Clinton"",""GreenParty"",""PBS""]",[],1472410931000.0,2016-08-28 19:02:11
2570631118.0,0.0,False,0.0,"Donald Trump Worked with the rainbow PUSH coalition in 1998-1999
https://t.co/FqYwxFPHVV https://t.co/pEQ3ikdiNh",[],[],1472582676000.0,2016-08-30 18:44:36
2570631118.0,50.0,False,23.0,"#BillClinton wants to import 10,000 #SyrianRefugees so they can 'rebuild' #Detroit https://t.co/0g5yxSQBI9","[""BillClinton"",""Detroit"",""SyrianRefugees""]",[],1472583975000.0,2016-08-30 19:06:15
2570631118.0,0.0,False,0.0,#HillaryClinton scandal that still matters is not the one you think https://t.co/QUQEwYZ68W https://t.co/y0ypRtF384,"[""HillaryClinton""]",[],1472585718000.0,2016-08-30 19:35:18
2570631118.0,0.0,False,0.0,#HillaryClinton celebrated #ConfederateFlag day every year as #Arkansas first lady https://t.co/j3wT2qNwmp,"[""HillaryClinton"",""Arkansas"",""ConfederateFlag""]",[],1472587688000.0,2016-08-30 20:08:08
2570631118.0,0.0,False,0.0,#FBI Expected to release #HillaryClinton interview notes and case documents in coming days https://t.co/WOV9GYvyLS,"[""HillaryClinton"",""FBI""]",[],1472589610000.0,2016-08-30 20:40:10
2570631118.0,0.0,False,0.0,#FBI admits #HillaryClinton used software designed to “prevent recovery” and “hide traces of” deleted emails https://t.co/P2dECHBiBY,"[""HillaryClinton"",""FBI""]",[],1472591469000.0,2016-08-30 21:11:09
2570631118.0,36.0,False,18.0,#HuffingtonPost deletes articles and terminates writer for questioning #HillarysHealth https://t.co/izY0wsUzr6,"[""HillarysHealth"",""HuffingtonPost""]",[],1472594290000.0,2016-08-30 21:58:10
2570631118.0,44.0,False,28.0,DNC chair Donna Brazile tries to defend #ClintonFoundation — admits to huge political Impropriety https://t.co/NjJYrkVQtR,"[""ClintonFoundation""]",[],1472596812000.0,2016-08-30 22:40:12
2570631118.0,13.0,False,20.0,#DonaldTrump campaign manager says 'undercover' voters will turn up in droves to elect him https://t.co/FmqSzl93lX,"[""DonaldTrump""]",[],1472600887000.0,2016-08-30 23:48:07
2570631118.0,54.0,False,54.0,Michele Bachmann: God picked Trump to be the GOP nominee https://t.co/ALgtXxLoKr,[],[],1472647327000.0,2016-08-31 12:42:07
2570631118.0,79.0,False,42.0,Back in 2008 #HillaryClinton accused #Obama of being a drug dealer https://t.co/ovQa5XgEz0,"[""HillaryClinton"",""Obama""]",[],1472836451000.0,2016-09-02 17:14:11
2570631118.0,0.0,False,0.0,"#HillaryClinton: ""Foreign hacking will draw a military response from her administration"" https://t.co/NjFwab1pmb","[""HillaryClinton""]",[],1472837764000.0,2016-09-02 17:36:04
2570631118.0,0.0,False,0.0,Analysis: It’s not just #Clinton and #Trump. Americans trust no one and nothing https://t.co/xKsmGjcpzV,"[""Trump"",""Clinton""]",[],1472839249000.0,2016-09-02 18:00:49
2570631118.0,1.0,False,0.0,"Kissinger, George Schultz mull #Clinton endorsement https://t.co/bg3oKZLE7s","[""Clinton""]",[],1472843417000.0,2016-09-02 19:10:17
2570631118.0,1.0,False,0.0,Poll finds #Clinton's popularity has reached record low https://t.co/2ciVEwqYnP,"[""Clinton""]",[],1472845866000.0,2016-09-02 19:51:06
2570631118.0,52.0,False,35.0,#FBI found extensive evidence #HillaryEmails violated federal records laws https://t.co/lgTERH18al,"[""HillaryEmails"",""FBI""]",[],1472845933000.0,2016-09-02 19:52:13
2570631118.0,20.0,False,12.0,Matt Lauer will moderate the first forum between #DonaldTrump and #HillaryClinton https://t.co/JJBQHaCQ2L,"[""DonaldTrump"",""HillaryClinton""]",[],1472848330000.0,2016-09-02 20:32:10
2570631118.0,39.0,False,22.0,#ClintonFoundation donor denied entry to the US on terrorism charges https://t.co/KKnvsZ3sU9,"[""ClintonFoundation""]",[],1472850028000.0,2016-09-02 21:00:28
2570631118.0,0.0,False,0.0,"FBI's Hillary Clinton email probe found evidence of effort to evade federal records law

#ClintonEmails https://t.co/EMB9CIIlPh","[""ClintonEmails""]",[],1472927803000.0,2016-09-03 18:36:43
2570631118.0,0.0,False,0.0,People seem to be puzzled by this Instagram ad posted on Donald Trump Jr.'s account https://t.co/k5JGJSwEmx,[],[],1472929932000.0,2016-09-03 19:12:12
2570631118.0,118.0,False,103.0,"Black voter tells #Trump: ‘For first time in my life, my vote is going to count’ https://t.co/JU7LFKnc9G","[""Trump""]",[],1472931310000.0,2016-09-03 19:35:10
2570631118.0,94.0,False,42.0,CNN: Fact checkers confirm #Clinton phones destroyed with hammers https://t.co/Cu8ejufgyP,"[""Clinton""]",[],1472932835000.0,2016-09-03 20:00:35
2570631118.0,97.0,False,51.0,Amnesty International condemns #Obama's unprecedented $110 billion arms deals with repressive #MiddleEast regimes https://t.co/NSdyFRFYMj,"[""MiddleEast"",""Obama""]",[],1472935037000.0,2016-09-03 20:37:17
2570631118.0,0.0,False,0.0,Hillary Clinton and Donald Trump courting Ohio voters on Labor Day https://t.co/EQs53DMW2A,[],[],1473091065000.0,2016-09-05 15:57:45
2570631118.0,0.0,False,0.0,Hillary Clinton and Donald Trump courting Ohio voters on #LaborDay https://t.co/CU7ePgfXLL,"[""LaborDay""]",[],1473091093000.0,2016-09-05 15:58:13
2570631118.0,0.0,False,0.0,Obama and Putin discuss Syria cease-fire at G-20 in Hangzhou https://t.co/mGxgb1H2DL,[],[],1473093368000.0,2016-09-05 16:36:08
2570631118.0,10.0,False,5.0,Obama makes trade deal top priority in remaining months https://t.co/DOC71v1EZI,[],[],1473096093000.0,2016-09-05 17:21:33
2570631118.0,0.0,False,0.0,.@BernieSanders says Hillary Clinton must cut ties with foundation https://t.co/PInzrVNzaJ,[],"[""berniesanders""]",1473098172000.0,2016-09-05 17:56:12
2570631118.0,0.0,False,0.0,.@realDonaldTrump: Only a hurricane would keep me from debates https://t.co/GHx2B9Ap3T,[],"[""realdonaldtrump""]",1473098750000.0,2016-09-05 18:05:50
2570631118.0,0.0,False,0.0,"Pence says Trump will release tax returns, but after IRS audit https://t.co/DnBz5gDIoy",[],[],1473099782000.0,2016-09-05 18:23:02
2570631118.0,29.0,False,17.0,The liberal media’s Soviet style disinformation campaign against #Trump https://t.co/SMv5i1YCtQ https://t.co/8SafVdQAkW,"[""Trump""]",[],1473186190000.0,2016-09-06 18:23:10
2570631118.0,44.0,False,24.0,"Black #Trump supporter pastor Mark Burns vs. #CNN: ""You're Here To Destroy My Character"" https://t.co/ifieJLQTmL","[""CNN"",""Trump""]",[],1473187449000.0,2016-09-06 18:44:09
2570631118.0,38.0,False,33.0,#Trump tops #Clinton 45% to 43% in a new #CNN poll https://t.co/3MgzBT4Pdo,"[""CNN"",""Clinton"",""Trump""]",[],1473189568000.0,2016-09-06 19:19:28
2570631118.0,2.0,False,2.0,#Clinton suggests Russia working to elect #Trump https://t.co/2VHIb3F9lA,"[""Trump"",""Clinton""]",[],1473192187000.0,2016-09-06 20:03:07
2570631118.0,86.0,False,43.0,"Clinton Charities ignore laws requiring IDs of foreign donors
#ClintonFoundation https://t.co/n6F5ayqAFI","[""ClintonFoundation""]",[],1473267212000.0,2016-09-07 16:53:32
2570631118.0,58.0,False,23.0,#Obama uses UN to bypass senate’s treaty consent authority https://t.co/op2J4SQO4c,"[""Obama""]",[],1473268804000.0,2016-09-07 17:20:04
2570631118.0,71.0,False,62.0,#Trump says latest FBI document dump 'disqualifying' for #Clinton https://t.co/gUCPROKaaU,"[""Clinton"",""Trump""]",[],1473271036000.0,2016-09-07 17:57:16
2570631118.0,61.0,False,27.0,#HillaryClinton refuses Mexican President’s invitation https://t.co/wJlH0AuUtt,"[""HillaryClinton""]",[],1473273139000.0,2016-09-07 18:32:19
2570631118.0,0.0,False,0.0,"Levin: ""I'm voting for #Trump https://t.co/SZ7Pgc0er9","[""Trump""]",[],1473274945000.0,2016-09-07 19:02:25
2570631118.0,115.0,False,101.0,Julian Assange says #Clinton leaks might come as early as next week https://t.co/15F7E5v4RN,"[""Clinton""]",[],1473277453000.0,2016-09-07 19:44:13
2570631118.0,77.0,False,31.0,Goldman Sachs bans employees from donating to #Trump https://t.co/fMx9rHKVHa,"[""Trump""]",[],1473277707000.0,2016-09-07 19:48:27
2570631118.0,2.0,False,5.0,#DonaldTrump says he'll release full medical records https://t.co/7yOqws9TvU,"[""DonaldTrump""]",[],1473280151000.0,2016-09-07 20:29:11
2570631118.0,94.0,False,65.0,#FBI investigation summary: #HillaryClinton is either lying or criminally forgetful https://t.co/cfCQcPQ8jS,"[""FBI"",""HillaryClinton""]",[],1473283146000.0,2016-09-07 21:19:06
2570631118.0,0.0,False,0.0,@realDonaldTrump: “We have a divided country.” https://t.co/hIVahVsqwp,[],"[""realdonaldtrump""]",1473355803000.0,2016-09-08 17:30:03
2570631118.0,0.0,False,0.0,".@HillaryClinton: 'It was a mistake' to have a personal email account
Oh really? https://t.co/32GvTrxm1C",[],"[""hillaryclinton""]",1473356994000.0,2016-09-08 17:49:54
2570631118.0,53.0,False,45.0,Many people are going to  #boycottNFL https://t.co/6HmB7xvldh,"[""boycottNFL""]",[],1473446344000.0,2016-09-09 18:39:04
2570631118.0,0.0,False,0.0,#Obama says #Trump’s ‘wacky ideas’ show he’s not qualified for job https://t.co/aDMH69J3lo,"[""Trump"",""Obama""]",[],1473529238000.0,2016-09-10 17:40:38
2570631118.0,1.0,False,1.0,#Trump praises late conservative icon Schlafly https://t.co/0JaFhVypUM,"[""Trump""]",[],1473531678000.0,2016-09-10 18:21:18
2570631118.0,0.0,False,0.0,Don’t expect to see President #Obama on the road for #Clinton until the election is nearer https://t.co/mAMM0jkzcg,"[""Clinton"",""Obama""]",[],1473534045000.0,2016-09-10 19:00:45
2570631118.0,48.0,False,36.0,Lie-detection expert says #Clinton is ‘trying to hide’ major secrets https://t.co/OG1gLQeHuo,"[""Clinton""]",[],1473536057000.0,2016-09-10 19:34:17
2570631118.0,38.0,False,28.0,#Clinton email scandal: What Hillary tells voters isn't what she told the #FBI https://t.co/caE4K2X4jE,"[""Clinton"",""FBI""]",[],1473538334000.0,2016-09-10 20:12:14
2570631118.0,18.0,False,15.0,#Trump seizes on #Clinton saying supporters belong in #BasketOfDeplorables' https://t.co/UpAe5oKJVi,"[""Trump"",""BasketOfDeplorables"",""Clinton""]",[],1473541149000.0,2016-09-10 20:59:09
2570631118.0,20.0,False,10.0,"Students at #Berkeley vandalize #Trump cutout, assault college #Republicans https://t.co/r6WYs4EGOC","[""REPUBLICANS"",""Trump"",""Berkeley""]",[],1473544088000.0,2016-09-10 21:48:08
2570631118.0,37.0,False,35.0,"#Trump: #HillaryClinton could 'shoot somebody with 20,000 people watching' and not be prosecuted https://t.co/uInxtE5Bpp","[""Trump"",""HillaryClinton""]",[],1473546545000.0,2016-09-10 22:29:05
2570631118.0,23.0,False,17.0,#HillaryClinton struggles to stand while abruptly leaving 9/11 memorial #MedicalEpisode https://t.co/NtGo9mpNsl,"[""HillaryClinton"",""MedicalEpisode""]",[],1473615417000.0,2016-09-11 17:36:57
2570631118.0,45.0,False,30.0,#Clinton memo: Pressed about the ‘deplorables’ comment? Accuse the media of a double standard. https://t.co/ldo08TD44h,"[""Clinton""]",[],1473616742000.0,2016-09-11 17:59:02
2570631118.0,5.0,False,9.0,#MelaniaTrump hasn't appeared in public since her Republican national Convention speech https://t.co/V7iygHPAad,"[""MelaniaTrump""]",[],1473621664000.0,2016-09-11 19:21:04
2570631118.0,25.0,False,28.0,#DonaldTrump maintains 1 point lead over #HillaryClinton 48% to 47% https://t.co/to6bMjEiSP,"[""HillaryClinton"",""DonaldTrump""]",[],1473623104000.0,2016-09-11 19:45:04
2570631118.0,41.0,False,30.0,#CNN was forced to change the headline in wake of #HillaryClinton's condition https://t.co/RAcsDQKBZ0,"[""CNN"",""HillaryClinton""]",[],1473624487000.0,2016-09-11 20:08:07
2570631118.0,58.0,False,27.0,"Cokie Roberts calls Trump supporters ""morally tainted"" https://t.co/fsoV7Cq1iF",[],[],1473691937000.0,2016-09-12 14:52:17
2570631118.0,,,,9/11 memorial on Southern California college campus vandalized #NeverForget https://t.co/EzNkTMdJf7,"[""NeverForget""]",[],1473703019000.0,2016-09-12 17:56:59
2570631118.0,25.0,False,34.0,Hillary's illness shows she's not trustworthy https://t.co/iBm65O2Bvv,[],[],1473756475000.0,2016-09-13 08:47:55
2570631118.0,84.0,False,79.0,"The worst condition Hillary Clinton suffers from isn't pneumonia, it's dishonesty https://t.co/n55eseL5Uq",[],[],1473766667000.0,2016-09-13 11:37:47
2570631118.0,5.0,False,8.0,#Libertarian Party nominee #GaryJohnson has now successfully qualified for the ballot in all 50 states https://t.co/ok4VZXmB6E,"[""Libertarian"",""GaryJohnson""]",[],1473790417000.0,2016-09-13 18:13:37
2570631118.0,0.0,False,0.0,"Michael Flynn, #Trump’s military adviser, says #ColinPowell’s emails include ‘really mean things’ https://t.co/u0DQ9OaDys","[""Trump"",""ColinPowell""]",[],1473958295000.0,2016-09-15 16:51:35
2570631118.0,0.0,False,0.0,#MikePence: #Trump accepts #Obama was born in US https://t.co/BBSOTFrKjf,"[""Obama"",""Trump"",""MikePence""]",[],1473960244000.0,2016-09-15 17:24:04
2570631118.0,89.0,False,79.0,#Trump nabs joint endorsement from 14 Medal of Honor recipients https://t.co/AYgzmAxmAD,"[""Trump""]",[],1473962228000.0,2016-09-15 17:57:08
2570631118.0,118.0,False,83.0,Republican lobbyist offers $100K reward in murder of DNC staffer #SethRich  #DNCleak https://t.co/yjhNAjYTjo,"[""SethRich"",""dncleak""]",[],1473963606000.0,2016-09-15 18:20:06
2570631118.0,54.0,False,28.0,#WikiLeaks’ Guccifer 2.0: #Obama sold off public offices to donors https://t.co/TlyfIGPNfO,"[""Obama"",""wikileaks""]",[],1473965289000.0,2016-09-15 18:48:09
2570631118.0,0.0,False,0.0,#HillaryClinton may not recover from her pneumonia until late October https://t.co/ytcy7cZW2d,"[""HillaryClinton""]",[],1473966184000.0,2016-09-15 19:03:04
2570631118.0,0.0,False,0.0,#Obama lays claim to being America’s first ocean president https://t.co/aljkhvvpx0,"[""Obama""]",[],1473968411000.0,2016-09-15 19:40:11
2570631118.0,0.0,False,0.0,Donald Trump Jr. makes 'gas chamber' reference in criticizing media https://t.co/dQPZFxrEyL,[],[],1473970508000.0,2016-09-15 20:15:08
2570631118.0,3.0,False,1.0,House votes to halt #Guantanamo detainee transfers https://t.co/FO3twxNamu,"[""Guantanamo""]",[],1473973028000.0,2016-09-15 20:57:08
2570631118.0,10.0,False,11.0,Trump steps back from birther claims with new controversial statement #birtherism https://t.co/uXqKRMP670,"[""birtherism""]",[],1474049362000.0,2016-09-16 18:09:22
2570631118.0,6.0,False,8.0,Mark Cuban offers #Trump $10 million for interview https://t.co/3wd0aj4g72,"[""Trump""]",[],1474122425000.0,2016-09-17 14:27:05
2570631118.0,19.0,False,31.0,Trump calls for Clinton bodyguards to drop their guns and 'see what happens to her' https://t.co/rLs7bApi2B,[],[],1474125908000.0,2016-09-17 15:25:08
2570631118.0,76.0,False,60.0,"The 330,000-member police union endorsed #Trump for president https://t.co/2a3DpHH0u8","[""Trump""]",[],1474129564000.0,2016-09-17 16:26:04
2570631118.0,16.0,False,13.0,Kasich advocates for Obama's Trans-Pacific Partnership deal and blasts Trump #TPP https://t.co/JMHfIfoVP6,"[""TPP""]",[],1474133284000.0,2016-09-17 17:28:04
2570631118.0,14.0,False,24.0,Ivanka Trump abruptly ends #Cosmo interview due to 'negativity' https://t.co/vb5v5VV9Yy,"[""Cosmo""]",[],1474140426000.0,2016-09-17 19:27:06
2570631118.0,9.0,False,9.0,Gary Johnson won't get the chance to debate Hillary Clinton and Donald Trump https://t.co/7ZpgobBTUV,[],[],1474144263000.0,2016-09-17 20:31:03
2570631118.0,21.0,False,13.0,"Hillary Clinton's top aid Huma's husband, Anthony Weiner, caught in under age sex scandal https://t.co/y3Xw2F47Y4",[],[],1474478579000.0,2016-09-21 17:22:59
2570631118.0,0.0,False,0.0,"Obama speaks, and listeners hear nothing but 'Donald Trump' https://t.co/dPPCClXfPP",[],[],1474563027000.0,2016-09-22 16:50:27
2570631118.0,0.0,False,0.0,Trump supports 'Stop and Frisk' https://t.co/fw6OqlofCV,[],[],1474564742000.0,2016-09-22 17:19:02
2570631118.0,31.0,False,7.0,Email shows federal immigration bosses in OT push to swear in new citizens 'due to election' https://t.co/zIIJOcztaD,[],[],1474651455000.0,2016-09-23 17:24:15
2570631118.0,7.0,False,9.0,"#Trump is headed for a win, says professor who has predicted 30 years of presidential outcomes correctly https://t.co/0Ru6qQN8Iy","[""Trump""]",[],1474653907000.0,2016-09-23 18:05:07
2570631118.0,20.0,False,5.0,"DNC files scathing rebuttal, wants fraud lawsuit filed by Bernie backers thrown out https://t.co/FQDFJinwfr",[],[],1474661104000.0,2016-09-23 20:05:04
2570631118.0,1.0,False,0.0,"Poll shows #Obama’s refugee plan tanking, people think #Trump better at protecting from terrorism https://t.co/C6XApzo81z","[""Obama"",""Trump""]",[],1474662485000.0,2016-09-23 20:28:05
2570631118.0,0.0,False,0.0,"41,000 petition Congress to stop paying #Obama while he campaigns for #HillaryClinton https://t.co/v0GXSdXMQV","[""Obama"",""HillaryClinton""]",[],1474666323000.0,2016-09-23 21:32:03
2570631118.0,0.0,False,0.0,"Email hack details movements of #JoeBiden, #MichelleObama and #HillaryClinton https://t.co/M7r3lfrfbb","[""HillaryClinton"",""JoeBiden"",""MichelleObama""]",[],1474667109000.0,2016-09-23 21:45:09
2570631118.0,31.0,False,12.0,Most Clinton emails to be released after election https://t.co/joQFDb8CWk,[],[],1474717867000.0,2016-09-24 11:51:07
2570631118.0,0.0,False,0.0,N.Y. Times endorses Hillary Clinton for president https://t.co/P8rtTHkl9Z,[],[],1474735425000.0,2016-09-24 16:43:45
2570631118.0,0.0,False,0.0,"#DebateNight: Clinton, Trump set for high-stakes showdown https://t.co/e0q9fgksAg","[""debatenight""]",[],1474912646000.0,2016-09-26 17:57:26
2570631118.0,44.0,False,28.0,Majority of snap polls show #Trump won debate by a landslide despite #CNN's overwhelming victory for #Hillary in bi… https://t.co/8iFESzvsJx,"[""Hillary"",""Trump"",""CNN""]",[],1474993428000.0,2016-09-27 16:23:48
2570631118.0,12.0,False,6.0,Lester Holt spins debate for #HillaryClinton https://t.co/U9v7ivjMgh,"[""HillaryClinton""]",[],1474994641000.0,2016-09-27 16:44:01
2570631118.0,37.0,False,18.0,Former Justice Department official Victoria Toensing: #JamesComey made basic errors in the investigation of… https://t.co/41hJbcTbqE,"[""JamesComey""]",[],1474996500000.0,2016-09-27 17:15:00
2570631118.0,50.0,False,38.0,Lester Holt shows he doesn’t know the meaning of ‘impartial’ https://t.co/dp0qgFvnO4 #debatenight https://t.co/XvihJcSRWV,"[""debatenight""]",[],1475001001000.0,2016-09-27 18:30:01
2570631118.0,11.0,False,8.0,Hillary got off scot free on emails and #ClintonFoundation scandals during #PresidentialDebate https://t.co/K8qv45YcS7,"[""ClintonFoundation"",""PresidentialDebate""]",[],1475002981000.0,2016-09-27 19:03:01
2570631118.0,99.0,False,76.0,"#Clinton keeps saying #Trump would start a war, but she actually started one in Libya https://t.co/nEbVHZy5KZ","[""Trump"",""Clinton""]",[],1475004603000.0,2016-09-27 19:30:03
2570631118.0,0.0,False,0.0,"Dismissing risks, #Trump goes all-in on #BillClinton's past 
https://t.co/5ESQAXYXpQ https://t.co/U5TcHVn8Jf","[""BillClinton"",""Trump""]",[],1475266301000.0,2016-09-30 20:11:41
2570631118.0,2.0,False,1.0,"Former Israeli President Shimon Peres brought to rest in #Jerusalem
https://t.co/s2haddILlF https://t.co/KU7OgWxdwl","[""Jerusalem""]",[],1475267761000.0,2016-09-30 20:36:01
2570631118.0,0.0,False,0.0,"#Trump, stirring surprise, praises #AngelaMerkel as a ‘great world leader’ despite earlier attacks… https://t.co/oxOqcXpuI2","[""AngelaMerkel"",""Trump""]",[],1475269920000.0,2016-09-30 21:12:00
2570631118.0,0.0,False,0.0,"#JoeBiden: Donald #Trump's comments about avoiding paying taxes 'anger me, quite frankly'
https://t.co/EMYcV9QgFd https://t.co/dgZ44NqhuN","[""Trump"",""JoeBiden""]",[],1475271540000.0,2016-09-30 21:39:00
2570631118.0,49.0,False,18.0,#HillaryClinton’s state department allowed millions of taxpayer dollars to be spent helping companies outsource Ame… https://t.co/SWYpMUSHRL,"[""HillaryClinton""]",[],1475275380000.0,2016-09-30 22:43:00
2570631118.0,1.0,False,0.0,"More than 20 states have faced major election hacking attempts, DHS says https://t.co/6fo6DkIolJ https://t.co/7hecT0jUTf",[],[],1475319480000.0,2016-10-01 10:58:00
2570631118.0,0.0,False,0.0,Trump under fire after sending nasty tweets about ‘disgusting’ ex-Miss Universe https://t.co/YIjXdKRlH4 https://t.co/xubuH5pOKz,[],[],1475323560000.0,2016-10-01 12:06:00
2570631118.0,0.0,False,0.0,#DonaldTrump on Fri criticized #HillaryClinton’s marriage and said he plans to raise the subject at the next debate… https://t.co/02sOXF5tb1,"[""HillaryClinton"",""DonaldTrump""]",[],1475331724000.0,2016-10-01 14:22:04
2570631118.0,4.0,False,9.0,#Millennials trust Trump more than Clinton on only one issue: Regulating Wall Street https://t.co/ttMgMFxzx3 https://t.co/ilqzKDca1q,"[""millennials""]",[],1475334661000.0,2016-10-01 15:11:01
2570631118.0,0.0,False,0.0,Donald Trump opens new line of attack on Hillary Clinton: her marriage https://t.co/bDmmutRRpy https://t.co/L3ONxPTD8o,[],[],1475336640000.0,2016-10-01 15:44:00
2570631118.0,0.0,False,0.0,Who gave Trump’s taxes to the New York Times? https://t.co/GMMpK79Ae7,[],[],1475514590000.0,2016-10-03 17:09:50
2570631118.0,55.0,False,28.0,Hillary Clinton used the same exact method as Donald Trump to pay less tax https://t.co/PcdQH2JfR3,[],[],1475517481000.0,2016-10-03 17:58:01
2570631118.0,0.0,False,0.0,LeBron James endorses Hillary Clinton https://t.co/pJ6rQm8e6y,[],[],1475519340000.0,2016-10-03 18:29:00
2570631118.0,0.0,False,0.0,SNL pokes fun at Melania Trump with 'Melania Moments' https://t.co/PijKBx1Nnp,[],[],1475523001000.0,2016-10-03 19:30:01
2570631118.0,1.0,False,1.0,Obama and Leonardo DiCaprio warn there’s no time left for #climatechange denial https://t.co/vByT3IKoEk,"[""climateChange""]",[],1475603460000.0,2016-10-04 17:51:00
2570631118.0,28.0,False,16.0,#Obama DOJ drops charges against alleged broker of Libyan weapons over fears to instigate a new investigation on… https://t.co/7H5LULWIBk,"[""Obama""]",[],1475690821000.0,2016-10-05 18:07:01
2570631118.0,1.0,False,0.0,#MikePence scores victory at vice presidential debate according to #CNN instant poll https://t.co/zGdc8ZekzS,"[""MikePence"",""CNN""]",[],1475692020000.0,2016-10-05 18:27:00
2570631118.0,22.0,False,18.0,#BillClinton calls #Obamacare 'the craziest thing in the world' https://t.co/SKazpgN3X0,"[""BillClinton"",""Obamacare""]",[],1475692740000.0,2016-10-05 18:39:00
2570631118.0,14.0,False,13.0,Democrats slam #Trump after tax return leak but completely ignore #ClintonFoundation exposed 'pay-for-play' schemes https://t.co/N7GeN9QU1Z,"[""ClintonFoundation"",""Trump""]",[],1475696702000.0,2016-10-05 19:45:02
2570631118.0,21.0,False,23.0,#MichelleObama statement: ‘We need someone who’s honest and plays by the rules’ as president' https://t.co/LlGAUbtDFk,"[""MichelleObama""]",[],1475698861000.0,2016-10-05 20:21:01
2570631118.0,30.0,False,22.0,#ObamaAdministration officials convicted of voter fraud https://t.co/L5c7Kd6faw,"[""ObamaAdministration""]",[],1475700480000.0,2016-10-05 20:48:00
2570631118.0,0.0,False,0.0,"Reuters/Ipsos shows #Trump up in Colorado and Nevada, tied in Wisconsin and Michigan https://t.co/8LNNImsDwJ","[""Trump""]",[],1475702160000.0,2016-10-05 21:16:00
2570631118.0,0.0,False,0.0,#Ford chairman met with #Trump over Mexico comments https://t.co/xmfa1umgKd,"[""Trump"",""Ford""]",[],1475703780000.0,2016-10-05 21:43:00
2570631118.0,13.0,False,9.0,"Wikileaks releases 2,500 #Clinton's emails https://t.co/bg2NdcA0sX","[""Clinton""]",[],1475938801000.0,2016-10-08 15:00:01
2570631118.0,1.0,False,0.0,"#Trump caught on tape making extremely ride, sexually aggressive comments about women https://t.co/DMwSd4WDHT","[""Trump""]",[],1475942403000.0,2016-10-08 16:00:03
2570631118.0,3.0,False,7.0,GOP Sen. Mike Lee urges #Trump to quit the race; Utah Republicans revoke their support https://t.co/qI9yQZGzCv,"[""Trump""]",[],1475946001000.0,2016-10-08 17:00:01
2570631118.0,21.0,False,11.0,State Dept. releases #Clinton's work e-mails. But half of the emails are near-duplicate copies of emails it's alrea… https://t.co/PsSxn5vNM2,"[""Clinton""]",[],1475960402000.0,2016-10-08 21:00:02
2570631118.0,0.0,False,0.0,"Army General Used Government Credit Card at Strip Clubs, #Pentagon Says https://t.co/nbwqNIk8wr","[""Pentagon""]",[],1475967601000.0,2016-10-08 23:00:01
2570631118.0,90.0,False,41.0,#BREAKING #HillaryClinton supplied weapons from #Benghazi to Al-Qaeda in Syria https://t.co/mk0iOlho2D,"[""HillaryClinton"",""Benghazi"",""breaking""]",[],1476032220000.0,2016-10-09 16:57:00
2570631118.0,19.0,False,9.0,#Syria no-fly zone would mean ‘killing a lot of Syrians’ – leaked #HillaryClinton speech https://t.co/Stvokcu9Mu,"[""Syria"",""HillaryClinton""]",[],1476033540000.0,2016-10-09 17:19:00
2570631118.0,87.0,False,82.0,Trump voters stay loyal: 'I am not voting for him to be pope'. Many swing state voters still plan to vote for Donal… https://t.co/gfYE76JSTS,[],[],1476034920000.0,2016-10-09 17:42:00
2570631118.0,11.0,False,16.0,#Trump's lewd audio might have reset the race to his benefit https://t.co/O5tH7saP7m,"[""Trump""]",[],1476036180000.0,2016-10-09 18:03:00
2570631118.0,15.0,False,4.0,#RNC redirecting funds away from #Trump https://t.co/26xBDha8bF,"[""RNC"",""Trump""]",[],1476037620000.0,2016-10-09 18:27:00
2570631118.0,117.0,False,52.0,Leaked emails show #HillaryClinton campaign coordinating with #Soros' Open Society Foundations on police reform https://t.co/cNeV7r7fN8,"[""SOROS"",""HillaryClinton""]",[],1476039060000.0,2016-10-09 18:51:00
2570631118.0,2.0,False,1.0,The Columbus Dispatch endorses #HillaryClinton. First time they endorse a democrat since they endorsed Woodrow Wils… https://t.co/NHTeNDec8e,"[""HillaryClinton""]",[],1476040740000.0,2016-10-09 19:19:00
2570631118.0,111.0,False,48.0,#Wikileaks: Hillary labels Blacks and Muslims ‘professional never-do-wells’ https://t.co/LXur2ahDoN,"[""wikileaks""]",[],1476043080000.0,2016-10-09 19:58:00
2570631118.0,2.0,False,5.0,Trump and Clinton were forced to compliment each other https://t.co/yfTO9eAhYm,[],[],1476111040000.0,2016-10-10 14:50:40
2570631118.0,21.0,False,15.0,'Today' suspends Billy Bush after Trump tape fallout https://t.co/7TNXQ3vhbv,[],[],1476114540000.0,2016-10-10 15:49:00
2570631118.0,19.0,False,33.0,Donald Trump's mission: Make Clinton's life hell for the next month https://t.co/hkVe2WNDKK,[],[],1476116941000.0,2016-10-10 16:29:01
2570631118.0,3.0,False,1.0,House Speaker Paul Ryan tells GOP lawmakers that he won’t defend or campaign with Donald Trump https://t.co/1KPCS7m8uk,[],[],1476117187000.0,2016-10-10 16:33:07
2570631118.0,7.0,False,7.0,Trump Taj Mahal closes after 26 years https://t.co/CHxUIIYqjU,[],[],1476120000000.0,2016-10-10 17:20:00
2570631118.0,38.0,False,18.0,#HillaryClinton in leaked email: #SaudiArabia and #Qatar are funding #ISIS https://t.co/45rS9mZeh1,"[""ISIS"",""SaudiArabia"",""Qatar"",""HillaryClinton""]",[],1476287666000.0,2016-10-12 15:54:26
2570631118.0,20.0,False,24.0,"#DonaldTrump is vowing to win the election his own way, as party leaders step away from him https://t.co/TyFoD7Fale","[""DonaldTrump""]",[],1476288901000.0,2016-10-12 16:15:01
2570631118.0,6.0,False,1.0,"#TedCruz lets loose on why he's standing by #Trump: ""#HillaryClinton is an absolute disaster"" https://t.co/bnmRbf9Xfr","[""TedCruz"",""Trump"",""HillaryClinton""]",[],1476290220000.0,2016-10-12 16:37:00
2570631118.0,0.0,False,0.0,#Clinton aide links #Trump campaign to #Russian email hacking https://t.co/4lTkFRLYOr,"[""Trump"",""Russian"",""Clinton""]",[],1476291480000.0,2016-10-12 16:58:00
2570631118.0,0.0,False,0.0,"#Obama smells himself, confirms he is not a demon https://t.co/HrNEsu4vwD","[""Obama""]",[],1476294540000.0,2016-10-12 17:49:00
2570631118.0,63.0,False,28.0,"#Clinton bashes #Trump over Russia praise, but emails show she praised #Putin https://t.co/k26UehllfR","[""Trump"",""Putin"",""Clinton""]",[],1476296340000.0,2016-10-12 18:19:00
2570631118.0,0.0,False,0.0,#WikiLeaks exposes media's secret support of #Clinton https://t.co/6yEHdvCN7S,"[""wikileaks"",""Clinton""]",[],1476299520000.0,2016-10-12 19:12:00
2570631118.0,17.0,False,13.0,Peter King: #Republicans opposing #Trump could cause 'civil war' in party https://t.co/vUfE5AXGWZ,"[""REPUBLICANS"",""Trump""]",[],1476302040000.0,2016-10-12 19:54:00
2570631118.0,46.0,False,27.0,.@wikileaks realesed #PodestaEmails7 https://t.co/iNiwTfiwuR,"[""PodestaEmails7""]","[""wikileaks""]",1476455904000.0,2016-10-14 14:38:24
2570631118.0,45.0,False,46.0,#BillClinton rape accusers haven't gotten same Media attention as #Trump's https://t.co/iGuZl4hn8t,"[""Trump"",""BillClinton""]",[],1476551134000.0,2016-10-15 17:05:34
2570631118.0,92.0,False,58.0,Jack Abramoff: I was imprisoned for same things #HillaryClinton has done https://t.co/5aykfqn8tq,"[""HillaryClinton""]",[],1476552360000.0,2016-10-15 17:26:00
2570631118.0,46.0,False,27.0,#Wikileaks eeveals #Clinton camp was posting fake “sexist #Trump job ads” on #Craigslist https://t.co/gF66aqNRqv,"[""Craigslist"",""Trump"",""Clinton"",""wikileaks""]",[],1476553680000.0,2016-10-15 17:48:00
2570631118.0,4.0,False,1.0,#DonaldTrump says women accusing him of groping them are lying as more come forward https://t.co/GDB36EWyz3,"[""DonaldTrump""]",[],1476555480000.0,2016-10-15 18:18:00
2570631118.0,12.0,False,4.0,#CIA reportedly preparing major cyber assault against #Russia in wake of hack attacks https://t.co/AktVqrfJsx,"[""Russia"",""cia""]",[],1476557820000.0,2016-10-15 18:57:00
2570631118.0,4.0,False,2.0,State Department: There’s a concern #Obama-Clinton emails not be made public https://t.co/NpUtyCONKO,"[""Obama""]",[],1476559500000.0,2016-10-15 19:25:00
2570631118.0,8.0,False,4.0,The #Pentagon admits abusing the war budget https://t.co/9jOjl0qb9H,"[""Pentagon""]",[],1476560880000.0,2016-10-15 19:48:00
2570631118.0,39.0,False,18.0,Hacked emails provide more evidence State Dept. may have helped #HillaryClinton campaign leak investigation info https://t.co/M9VmABNs7Z,"[""HillaryClinton""]",[],1476563700000.0,2016-10-15 20:35:00
2570631118.0,79.0,False,33.0,83-year-old lifelong #Republican Marina Agosto from Hillsborough recieved a voter ID card told her she was now a re… https://t.co/i7Vq7IqxXz,"[""Republican""]",[],1476637598000.0,2016-10-16 17:06:38
2570631118.0,27.0,False,13.0,Hacked emails raise possibility of #ClintonFoundation ethics breach after it accepted $1million donation from… https://t.co/CY4ScSfPEB,"[""ClintonFoundation""]",[],1476638820000.0,2016-10-16 17:27:00
2570631118.0,120.0,False,59.0,#FBI insider: ‘No agent working the case agreed’ on DOJ decision not to charge #HillaryClinton https://t.co/TN3SyabSSt,"[""HillaryClinton"",""FBI""]",[],1476640020000.0,2016-10-16 17:47:00
2570631118.0,0.0,False,0.0,"#HillaryClinton's three speeches to #GoldmanSachs for which she was paid $675,000 https://t.co/uP2V7uR1Bc https://t.co/BU4L79jS4P","[""HillaryClinton"",""GoldmanSachs""]",[],1476641760000.0,2016-10-16 18:16:00
2570631118.0,46.0,False,21.0,#WikiLeaks: Email suggests #Sanders was manipulated to support #HillaryClinton https://t.co/iBoU1OlZAs,"[""wikileaks"",""Sanders"",""HillaryClinton""]",[],1476643140000.0,2016-10-16 18:39:00
2570631118.0,4.0,False,1.0,#Trump calls for drug test before debate https://t.co/4dpftaAPEf,"[""Trump""]",[],1476644520000.0,2016-10-16 19:02:00
2570631118.0,4.0,False,1.0,"Linda McMahon, who once called #Trump’s comments about women #deplorable, gave $6 million to support his bid https://t.co/FCzua8joUC","[""Deplorable"",""Trump""]",[],1476645900000.0,2016-10-16 19:25:00
2570631118.0,0.0,False,0.0,'Quid pro quo' in #Clinton's emails: The possibility of additional slots for the FBI at missions overseas was discu… https://t.co/6YrwpY8alD,"[""Clinton""]",[],1476647280000.0,2016-10-16 19:48:00
2570631118.0,0.0,False,0.0,#Obama cheers for another 100 years of #PlannedParenthood https://t.co/Yws62ajJOp,"[""Obama"",""PlannedParenthood""]",[],1476727140000.0,2016-10-17 17:59:00
2570631118.0,1.0,False,0.0,Elizabeth Warren clucked like a chicked while mocking #Trump,"[""Trump""]",[],1476728881000.0,2016-10-17 18:28:01
2570631118.0,0.0,False,0.0,#JoeBiden worries more sexism will surface if #HillaryClinton is elected president https://t.co/28XxULRjaa,"[""JoeBiden"",""HillaryClinton""]",[],1476730080000.0,2016-10-17 18:48:00
2570631118.0,1.0,False,0.0,#Trump blames #NorthCarolinaGOP office firebombing on 'animals' supporting #HillaryClinton https://t.co/ehmAtbcu0T,"[""Trump"",""HillaryClinton"",""NorthCarolinaGOP""]",[],1476731520000.0,2016-10-17 19:12:00
2570631118.0,102.0,False,37.0,an #Ohiopostal worker brags online about destroying #Trump ballots https://t.co/tEbpGGyXaa,"[""Trump"",""Ohiopostal""]",[],1476735360000.0,2016-10-17 20:16:00
2570631118.0,18.0,False,7.0,#HillaryClinton FBI documents published https://t.co/L3Kk3WdZyo https://t.co/Gu13V8cEaS,"[""HillaryClinton""]",[],1476736921000.0,2016-10-17 20:42:01
2570631118.0,1.0,False,0.0,"Utah poll: #Trump 30%, #Clinton 28% https://t.co/6IV9GJ7Bib","[""Trump"",""Clinton""]",[],1476737940000.0,2016-10-17 20:59:00
2570631118.0,12.0,False,12.0,"Conservatives should vote for the Republican nominee by Victor davis hanson
https://t.co/7cYLg6kUDm… https://t.co/fNXWAfvXhd",[],[],1476739080000.0,2016-10-17 21:18:00
2570631118.0,20.0,False,28.0,‘They’re Lies’: Melania Trump rejects women’s claims that husband groped them https://t.co/nrNDQO9cNl,[],[],1476818232000.0,2016-10-18 19:17:12
2570631118.0,20.0,False,11.0,Melania Trump: Bill Clinton's past is fair game https://t.co/S872edY6ll,[],[],1476819480000.0,2016-10-18 19:38:00
2570631118.0,71.0,False,49.0,Hillary Clinton accused of stealing furniture from the State Department https://t.co/LaK0n7vOH7,[],[],1476821460000.0,2016-10-18 20:11:00
2570631118.0,0.0,False,2.0,#DonaldTrump cast a shadow over his performance by refusing to say he'll honor the election https://t.co/EFBXm3HVO9,"[""DonaldTrump""]",[],1476981586000.0,2016-10-20 16:39:46
2570631118.0,2.0,False,0.0,#HillaryClinton: #DonaldTrump is Putin's puppet https://t.co/ZDVv1YeJyz,"[""HillaryClinton"",""DonaldTrump""]",[],1476982860000.0,2016-10-20 17:01:00
2570631118.0,0.0,False,0.0,#HillaryClinton avoided answering debate question on #ClintonFoundation ‘pay-to-play’ https://t.co/bVoFZrkKr2,"[""ClintonFoundation"",""HillaryClinton""]",[],1476984420000.0,2016-10-20 17:27:00
2570631118.0,36.0,False,34.0,"#HillaryClinton wasn’t answering the questions on her own, she was reading the prepared answers. https://t.co/xsZx56ziVi","[""HillaryClinton""]",[],1476987120000.0,2016-10-20 18:12:00
2570631118.0,0.0,False,0.0,#HillaryClinton revealed America's nuclear response time during the debate https://t.co/roXw9fQODu,"[""HillaryClinton""]",[],1476989101000.0,2016-10-20 18:45:01
2570631118.0,22.0,False,10.0,#HillaryClinton up 5 points in AZ poll that interviewed nearly twice as many Democrats as Republicans https://t.co/1D5q4kP43k,"[""HillaryClinton""]",[],1476991080000.0,2016-10-20 19:18:00
2570631118.0,17.0,False,10.0,#TedCruz calls for criminal probe into ‘voter fraud operative’ visits to #WhiteHouse https://t.co/zP3zWOzXOt,"[""WhiteHouse"",""TedCruz""]",[],1476993180000.0,2016-10-20 19:53:00
2570631118.0,0.0,False,0.0,#DonaldTrump turned a charity dinner into a screed against #HillaryClinton https://t.co/edMw21jGmK,"[""HillaryClinton"",""DonaldTrump""]",[],1477069207000.0,2016-10-21 17:00:07
2570631118.0,0.0,False,0.0,#Obama : ‘More Likely to Be Struck by Lightning’ than Witness Voter Fraud https://t.co/ZdL75vKx32,"[""Obama""]",[],1477070735000.0,2016-10-21 17:25:35
2570631118.0,100.0,False,44.0,#Wikileaks says #HillaryClinton Took Algeria Off Terror Watch List After Donation to Clinton Foundation https://t.co/1X4W8Wjp2E,"[""HillaryClinton"",""wikileaks""]",[],1477072200000.0,2016-10-21 17:50:00
2570631118.0,53.0,False,42.0,Wikileaks 13: Emails Prove #Obama Lied When He Said He Didn’t Know #HillaryClinton Was Using Unsecure Email Server https://t.co/llYLD56PDk,"[""HillaryClinton"",""Obama""]",[],1477075800000.0,2016-10-21 18:50:00
2570631118.0,6.0,False,6.0,Read this letter George H.W. Bush sent to Bill Clinton after losing 1992 election https://t.co/PPqOjE20zP,[],[],1477079400000.0,2016-10-21 19:50:00
2570631118.0,0.0,False,0.0,Ricky Gervais: Donald Trump's presidential campaign is 'a joke that got out of hand' https://t.co/3U6JWJPH2Q,[],[],1477142580000.0,2016-10-22 13:23:00
2570631118.0,0.0,False,0.0,Trump national political director 'steps back' from campaign https://t.co/lAMfEBMz6B,[],[],1477143840000.0,2016-10-22 13:44:00
2570631118.0,0.0,False,0.0,The closer the elections the more money #Trump and #Hillary spend  on advertising https://t.co/OzSiunHEpg,"[""Hillary"",""Trump""]",[],1477146060000.0,2016-10-22 14:21:00
2570631118.0,0.0,False,0.0,White powder sent to #HillaryClinton's campaign office tested negative for harmful substances https://t.co/oSuLTf4fr6,"[""HillaryClinton""]",[],1477147500000.0,2016-10-22 14:45:00
2570631118.0,63.0,False,37.0,#PodestaEmails15: stirring up racial tensions to make more people vote for gun control https://t.co/mU78ABLRJ6,"[""PodestaEmails15""]",[],1477150381000.0,2016-10-22 15:33:01
2570631118.0,15.0,False,12.0,#Trump unveils 'first 100 days' agenda during his #Gettysburg address https://t.co/6prwU68CfK,"[""Gettysburg"",""Trump""]",[],1477153681000.0,2016-10-22 16:28:01
2570631118.0,15.0,False,14.0,Half of Republicans would reject 'rigged' election result if #HillaryClinton wins https://t.co/VRQ0u6JBmK,"[""HillaryClinton""]",[],1477157460000.0,2016-10-22 17:31:00
2570631118.0,17.0,False,12.0,"WikiLeaks docs shows apparent gender pay gap at #ClintonFoundation
#PodestaEmails15 https://t.co/CQiyqcqTwm","[""PodestaEmails15"",""ClintonFoundation""]",[],1477161181000.0,2016-10-22 18:33:01
2570631118.0,10.0,False,8.0,Obama blames ‘far-right media’ for ‘Pumping out all kinds of crazy toxic stuff’ https://t.co/YPjpSw2XjZ,[],[],1477164780000.0,2016-10-22 19:33:00
2570631118.0,1.0,False,1.0,Trump promises change in #Gettysburg speech: ‘Has to come from outside our very broken system’ https://t.co/8c2mIwMJ7t,"[""Gettysburg""]",[],1477168320000.0,2016-10-22 20:32:00
2570631118.0,41.0,False,19.0,"WikiLeaks: Clinton political director wanted Hillary to say ‘Yo Mama’ at Black college
#PodestaEmails15 https://t.co/6v0DO7m2vs","[""PodestaEmails15""]",[],1477171860000.0,2016-10-22 21:31:00
2570631118.0,0.0,False,0.0,#Clinton warns #Trump is 'threatening' US democracy https://t.co/U5COmMBD73,"[""Trump"",""Clinton""]",[],1477332637000.0,2016-10-24 18:10:37
2570631118.0,41.0,False,26.0,Victim of #SanJose #Trump rally violence on Project Veritas Video: The ‘mob’ of ‘paid’ protesters threw eggs in my… https://t.co/B1Y4kOpPIM,"[""Trump"",""SanJose""]",[],1477335660000.0,2016-10-24 19:01:00
2570631118.0,0.0,False,0.0,Clinton ally helped fund campaign of key #FBI official’s wife https://t.co/WQvN10xsy2,"[""FBI""]",[],1477337520000.0,2016-10-24 19:32:00
2570631118.0,6.0,False,5.0,#Trump threatens to reverse diplomatic relations with #Cuba https://t.co/RSk2ELnmid,"[""Trump"",""Cuba""]",[],1477339020000.0,2016-10-24 19:57:00
2570631118.0,2.0,False,0.0,#SorosMachines cause concern over rigged election https://t.co/bPe1vntJnu,"[""SorosMachines""]",[],1477416216000.0,2016-10-25 17:23:36
2570631118.0,0.0,False,0.0,NY Assemblywoman Claudia Tenney: #HillaryClinton ‘destroyed’ New York as senator; imagine what she’d do to country… https://t.co/Iwh5raDPjK,"[""HillaryClinton""]",[],1477417440000.0,2016-10-25 17:44:00
2570631118.0,28.0,False,15.0,#ClintonFoundation employed a now-imprisoned senior #MuslimBrotherhood official https://t.co/0JF0Uwuaev,"[""MuslimBrotherhood"",""ClintonFoundation""]",[],1477419120000.0,2016-10-25 18:12:00
2570631118.0,12.0,False,10.0,#Clinton has 'nothing to say' about #Wikileaks email revealing $12M quid pro quo with Morocco's king https://t.co/aop3TV9RtW,"[""wikileaks"",""Clinton""]",[],1477419780000.0,2016-10-25 18:23:00
2570631118.0,2.0,False,1.0,#StateDepartment aide pleads the Fifth more than 90 times https://t.co/PVJpGJVczP,"[""StateDepartment""]",[],1477421100000.0,2016-10-25 18:45:00
2570631118.0,1.0,False,1.0,"#JoeBiden calls out #Trump in #Ohio, wants to talk about 'critical issues' https://t.co/f57fwcnh21","[""Ohio"",""Trump"",""JoeBiden""]",[],1477423320000.0,2016-10-25 19:22:00
2570631118.0,0.0,False,0.0,#JohnKerry is confident U.S. and #Philippines can 'work through' #Duterte confusion https://t.co/DUI4zP7GQf,"[""Duterte"",""JohnKerry"",""Philippines""]",[],1477425001000.0,2016-10-25 19:50:01
2570631118.0,0.0,False,0.0,#HillaryClinton’s e-mail server company got almost $1 million In gov’t loans after wiping e-mails https://t.co/hNcfy84gwW,"[""HillaryClinton""]",[],1477505233000.0,2016-10-26 18:07:13
2570631118.0,4.0,False,4.0,Over half of #HillaryClinton supporters will not accept #Trump as a ‘legitimate president’ https://t.co/SbskjWEf28,"[""HillaryClinton"",""Trump""]",[],1477506480000.0,2016-10-26 18:28:00
2570631118.0,2.0,False,7.0,#Trump: #Obama has to be ‘investigated’ over #HillaryClinton’s email server https://t.co/eGoydXzIv4,"[""HillaryClinton"",""Trump"",""Obama""]",[],1477507500000.0,2016-10-26 18:45:00
2570631118.0,1.0,False,0.0,"#Obama: ""The things that you're hearing #Trump saying, they're said on the floor of the House of Representatives al… https://t.co/48sYs3Bo5A","[""Obama"",""Trump""]",[],1477511041000.0,2016-10-26 19:44:01
2570631118.0,0.0,False,0.0,#Trump taunted 'Tough guy' vice president #JoeBiden over 'Behind the gym' comments https://t.co/S5rYcDjyKf,"[""Trump"",""JoeBiden""]",[],1477512121000.0,2016-10-26 20:02:01
2570631118.0,1.0,False,1.0,#Trump says #Clinton policy on #Syria would lead to World War Three https://t.co/XtZW0LNsjk,"[""Trump"",""Syria"",""Clinton""]",[],1477514881000.0,2016-10-26 20:48:01
2570631118.0,0.0,False,0.0,"Clinton leads by 6 points, Post-ABC tracking poll finds https://t.co/iWs3U6I3lE",[],[],1477583715000.0,2016-10-27 15:55:15
2570631118.0,0.0,False,0.0,Hillary Clinton takes time off the trail for less important matters https://t.co/5ZsQ44YVft,[],[],1477589161000.0,2016-10-27 17:26:01
2570631118.0,0.0,False,0.0,"Man arrested for destroying Trump's Walk of Fame star
https://t.co/1JPejNgN7M https://t.co/Kbb3bp9n5x",[],[],1477592880000.0,2016-10-27 18:28:00
2570631118.0,0.0,False,0.0,"""I don't care about the [Trump] brand, I care about the country."" - @realDonaldTrump on @GMA https://t.co/MD26Uzxtdo",[],"[""realdonaldtrump"",""gma""]",1477600080000.0,2016-10-27 20:28:00
2570631118.0,0.0,False,0.0,#Trump leads Clinton by 3% points in #Texas https://t.co/tpm0gSLN5R,"[""Texas"",""Trump""]",[],1477603860000.0,2016-10-27 21:31:00
2570631118.0,0.0,False,0.0,#Trump opens a new hotel in DC https://t.co/cbeKsuHHul,"[""Trump""]",[],1477607400000.0,2016-10-27 22:30:00
2570631118.0,0.0,False,0.0,"#Trump: 'We should just cancel the election', and just give him the nomination https://t.co/1JjJa4ai6b","[""Trump""]",[],1477671061000.0,2016-10-28 16:11:01
2570631118.0,3.0,False,4.0,"#Trump angry at media for questioning him about his hotel opening, asks why nobody slams #Hillary for going at Adel… https://t.co/ehvu7Yk3jc","[""Hillary"",""Trump""]",[],1477677721000.0,2016-10-28 18:02:01
2570631118.0,2.0,False,3.0,"Post-ABC tracking poll: 6 in 10  expect #Clinton to win; Gary Johnson at 4%, Jill Stein at 1% https://t.co/924HTWzAtv","[""Clinton""]",[],1477684861000.0,2016-10-28 20:01:01
2570631118.0,0.0,False,0.0,GOp insiders: secret #Trump voters who don't want to voice their support may overturn polls results. https://t.co/h6BjUPqILq,"[""Trump""]",[],1477692241000.0,2016-10-28 22:04:01
2570631118.0,13.0,False,8.0,Half of pro-gun groups who endorsed #Hillary are smoke and mirrors https://t.co/VuVPmcTUGZ,"[""Hillary""]",[],1477699620000.0,2016-10-29 00:07:00
2570631118.0,0.0,False,0.0,"#Trump humiliated former Miss Universe Jennifer Hawkins, she says: ""Donald and his family I have to say, have alway… https://t.co/NOS28MuV5e","[""Trump""]",[],1477760401000.0,2016-10-29 17:00:01
2570631118.0,2.0,False,1.0,"#Clinton: ""American people deserve to get the full and complete facts immediately,"" demands to release her and… https://t.co/VZvoWUpL4F","[""Clinton""]",[],1477767602000.0,2016-10-29 19:00:02
2570631118.0,0.0,False,0.0,"#Trump: ""Hillary #Clinton tried to politicize this [email] investigation"", #Hillary denies. https://t.co/OYe0sNEEX9","[""Trump"",""Clinton"",""Hillary""]",[],1477774801000.0,2016-10-29 21:00:01
2570631118.0,1.0,False,0.0,"Two women arrested in Miami, charged with voter fraud https://t.co/MxXQMupgvp",[],[],1477782000000.0,2016-10-29 23:00:00
2570631118.0,2.0,False,1.0,#Kaine criticized FBI Director: “When you [reopen probe] 11 days before election and you don’t provide many details… https://t.co/gbN8cwqUqv,"[""Kaine""]",[],1477789201000.0,2016-10-30 01:00:01
2570631118.0,3.0,False,6.0,Campaign says #Clinton still hasn't talked to #Abedin about new emails https://t.co/8U6WYLoRHY,"[""Clinton"",""Abedin""]",[],1477836192000.0,2016-10-30 14:03:12
2570631118.0,0.0,False,0.0,"A slim point separates #Clinton and #Trump in the latest poll results, that means the turnout has major role in the… https://t.co/HfbSw5ikP1","[""Clinton"",""Trump""]",[],1477843441000.0,2016-10-30 16:04:01
2570631118.0,0.0,False,0.0,#JohnPodesta sought to turn up the heat on FBI to release more details about the new emails tied to #Clinton's serv… https://t.co/JaGL0PBxkH,"[""JohnPodesta"",""Clinton""]",[],1477846921000.0,2016-10-30 17:02:01
2570631118.0,68.0,False,73.0,Peter Thiel: 'the Americans who are voting for Trump are doing it because they judge the situation of the country t… https://t.co/WpQoqNi1Z7,[],[],1477850761000.0,2016-10-30 18:06:01
2570631118.0,0.0,False,0.0,"#Trump in Phoenix, AZ: ‘Restoring honesty to our government and the rule of law to our society will be a priority o… https://t.co/L74AxqbZpr","[""Trump""]",[],1477854421000.0,2016-10-30 19:07:01
2570631118.0,26.0,False,12.0,Chicago Tribune: #Democrats should ask #Clinton to step aside https://t.co/Lok8bZRZyR,"[""Democrats"",""Clinton""]",[],1477859340000.0,2016-10-30 20:29:00
2570631118.0,0.0,False,0.0,"Biden: 'if #Trump wins, I’ll extend a hand' https://t.co/97yVD7zKhM","[""Trump""]",[],1477863060000.0,2016-10-30 21:31:00
2570631118.0,3.0,False,2.0,#Clinton's massive lead over #Trump narrows a bit among Millennials https://t.co/6f5fpZexOx,"[""Trump"",""Clinton""]",[],1477866781000.0,2016-10-30 22:33:01
2570631118.0,0.0,False,0.0,Over a third of likely voters less willing to back #HillaryClinton after FBI bombshell https://t.co/bDJOdDV4eK,"[""HillaryClinton""]",[],1477900735000.0,2016-10-31 07:58:55
2570631118.0,0.0,False,0.0,RT @Politweecs: Peter Thiel: 'the Americans who are voting for Trump are doing it because they judge the situation of the country t… ,[],"[""politweecs""]",1477927831000.0,2016-10-31 15:30:31
2570631118.0,0.0,False,0.0,Hillary Clinton photo illustrates pathological lying in Google results https://t.co/Bqm5RkK7xp,[],[],1477929311000.0,2016-10-31 15:55:11
2570631118.0,0.0,False,0.0,WSJ confirms: the Clinton Foundation is under FBI criminal investigation https://t.co/xBZiUbpjkg,[],[],1477933381000.0,2016-10-31 17:03:01
2570631118.0,1.0,False,0.0,Election Day is 8 days away! https://t.co/lgoCXwkFkH,[],[],1477937100000.0,2016-10-31 18:05:00
2570631118.0,0.0,False,0.0,New email shows DNC boss giving #Clinton camp debate question in advance https://t.co/pfZjvYNWcf,"[""Clinton""]",[],1477940761000.0,2016-10-31 19:06:01
2570631118.0,0.0,False,2.0,"Clinton's immigration plan could help economy more than Trump's, most economists say https://t.co/0sfOwskTGL",[],[],1477944121000.0,2016-10-31 20:02:01
2570631118.0,1.0,False,0.0,Donald Trump fans lined up Monday morning outside the DeltaPlex spoke out against political corruption and spoke up… https://t.co/i9YPpWMHHQ,[],[],1477947661000.0,2016-10-31 21:01:01
2570631118.0,1.0,False,0.0,Jennifer Lopez and Marc Anthony join up in #Miami for a #HillaryClinton concert https://t.co/IqDEpGUvFB,"[""HillaryClinton"",""Miami""]",[],1477951621000.0,2016-10-31 22:07:01
2570631118.0,1.0,False,0.0,3.7 million Floridians have already voted. Have you? #elections https://t.co/s59TJbpbMr,"[""elections""]",[],1477955161000.0,2016-10-31 23:06:01
2570631118.0,0.0,False,0.0,". @CNN says it is ""completely uncomfortable"" with the fact that Donna Brazile shared questions with the Clinton cam… https://t.co/lslrZsBLoG",[],"[""cnn""]",1477958641000.0,2016-11-01 00:04:01
2570631118.0,0.0,False,0.0,'Kept me out of jail': Top #DOJ official involved in #Clinton probe represented her campaign chairman https://t.co/JQXr3XCtcn,"[""Clinton"",""DOJ""]",[],1478015108000.0,2016-11-01 15:45:08
2570631118.0,92.0,False,47.0,#MichelleObama has scrubbed all references to #HillaryClinton from both of her Twitter accounts https://t.co/0fCus7LSgg,"[""HillaryClinton"",""MichelleObama""]",[],1478016361000.0,2016-11-01 16:06:01
2570631118.0,38.0,False,26.0,#DonnaBrazile to be fired as #DNC chair https://t.co/0ytSe5xm4R,"[""DNC"",""DonnaBrazile""]",[],1478017562000.0,2016-11-01 16:26:02
2570631118.0,1.0,False,0.0,#Kasich votes #McCain instead of #Trump https://t.co/GRlEVGTAkT,"[""Trump"",""McCain"",""Kasich""]",[],1478019121000.0,2016-11-01 16:52:01
2570631118.0,25.0,False,13.0,#HillaryClinton disclosed classified secrets to foreign leaders for cash https://t.co/LF158JXu1A,"[""HillaryClinton""]",[],1478021041000.0,2016-11-01 17:24:01
2570631118.0,0.0,False,0.0,#HillaryClinton campaign accuses #FBI of 'blatant double standard' https://t.co/HYpUUPte3t,"[""HillaryClinton"",""FBI""]",[],1478022781000.0,2016-11-01 17:53:01
2570631118.0,2.0,False,2.0,Vehicle in #JoeBiden’s motorcade hits three cars https://t.co/0RJUp8rXOo,"[""JoeBiden""]",[],1478024340000.0,2016-11-01 18:19:00
2570631118.0,,,,Sessions gets boost from Senate allies – and Dem’s Twitter flub – amid Russia uproar,[],[],1488488556000.0,2017-03-02 21:02:36
2570631118.0,,,,"#BREAKING Officials say fire at Trump Hotel in NYC is “suspicious"" https://t.co/dVpSBgYUj1","[""breaking""]",[],1488546715000.0,2017-03-03 13:11:55
