"id","location","name","followers_count","statuses_count","time_zone","verified","lang","screen_name","description","created_at","favourites_count","friends_count","listed_count"
"18710816","near Utah Ave & Lighthouse an","Robby Delaware","304","11484","Pacific Time (US & Canada)","false","en","RobbyDelaware","I support the free movement of people, ideas and capital.","Wed Jan 07 04:38:02 +0000 2009","17","670","13"
"100345056","still ⬆️Block⤵️Corner⬇️street","#Ezekiel2517✨...","1053","31858","","false","en","SCOTTGOHARD","CELEBRITY TRAINER ✨#424W147th✨ #CrossfitCoach #NSCA #IRepresentIntellectualViolence...Robinson Cano,Ice T,Missy Elliott, #EaglesDontFlyInFlocks...","Tue Dec 29 23:15:22 +0000 2009","2774","1055","35"
"247165706","Chicago, IL","B E C K S T E R✨","650","6742","Mountain Time (US & Canada)","false","en","Beckster319","Rebecca Lynn Hirschfeld Actress.Model.Writer.Amateur Race Car Driver. ~ Adorkable","Fri Feb 04 06:38:45 +0000 2011","7273","896","30"
"249538861","","Chris Osborne","44","843","","false","en","skatewake1994","","Wed Feb 09 07:38:44 +0000 2011","227","154","1"
"449689677","","Рамзан Кадыров","94773","10877","Moscow","false","ru","KadirovRussia","Пародийный аккаунт. Озвучиваю то, что политикам не позволено протоколом","Thu Dec 29 11:31:09 +0000 2011","0","7","691"
"471868887","Санкт-Петербург, Россия","Маргарита Саваж","23305","18401","Volgograd","false","ru","MargoSavazh","Честь имею. Нагло врать не умею.","Mon Jan 23 10:26:25 +0000 2012","1480","8021","231"
"1039581360","Amerika","Dark Nally","22","22603","Jakarta","false","id","darknally","uptodate news!!!!","Thu Dec 27 13:06:58 +0000 2012","0","40","16"
"1510488662","USA","Laila Heats","3080","2228","Eastern Time (US & Canada)","false","en","lagonehoe","How can you judge me when you don’t know me?","Wed Jun 12 13:07:49 +0000 2013","3504","2369","12"
"1513801268","USA","CC Jack","2760","2100","Eastern Time (US & Canada)","false","en","YouJustCtrlC","ProBlack | Stoner | even jesus was stoned before receiving the throne | #BlackToLive | #BlackLivesMatter","Thu Jun 13 16:07:23 +0000 2013","2744","2700","10"
"1517678892","Philadelphia, PA","Mr Moran","879","2044","Eastern Time (US & Canada)","false","en","MrMoraan","I'm getting too cool for this social media shiz. That cynical bastard you hate to love.","Fri Jun 14 21:58:48 +0000 2013","2981","758","15"
"1518857420","USA","Jonathon Norwood","789","2002","Eastern Time (US & Canada)","false","en","NoJonathonNo","Strive not to be a success but rather to be of value #blm #BforLife","Sat Jun 15 08:47:02 +0000 2013","2170","440","8"
"1532863891","ATL","Harper H21","1956","3300","Eastern Time (US & Canada)","false","en","CharlesJHarper","if you don't like me-it's ok","Thu Jun 20 04:49:04 +0000 2013","1850","1626","21"
"1533813962","USA","Lara Pretty","1795","3342","Eastern Time (US & Canada)","false","en","PrettyLaraPlace","Bitter Clinger #USAFVet #NRA #2A #bluestarmom #Crossfit #christian","Thu Jun 20 12:35:59 +0000 2013","3555","1360","24"
"1584279696","Chicago, IL","Jasiah Jenkins","728","1918","Eastern Time (US & Canada)","false","en","BigBoyJasiah","Visionary..... don't put me in a box.... Enigma... Unconditional Love. I'm the good guy. if u heard otherwise you been lied to","Wed Jul 10 23:55:16 +0000 2013","2342","393","19"
"1594887416","USA","Jeremy Roberts","837","1573","Eastern Time (US & Canada)","false","en","Jery_RobertsYo","I think we can all agree that the 3 most powerful words of 2015 were “#BlackLivesMatter”","Mon Jul 15 03:34:50 +0000 2013","1836","898","5"
"1612106972","USA","Reuben Littlejohn","738","1899","Eastern Time (US & Canada)","false","en","LILJordamn","young nigga just trying to make# also do music#","Mon Jul 22 05:34:20 +0000 2013","2251","608","16"
"1617939218","USA","Pauline Gunn","908","1906","Eastern Time (US & Canada)","false","en","PaulineTT","I be trying to chill, I swear do, because I luh God. You'on luh God?
#NoChill #BlackLivesMatter","Wed Jul 24 14:50:02 +0000 2013","1983","1075","5"
"1620474397","USA","Ramona Mcintosh","877","1745","Eastern Time (US & Canada)","false","en","RamonasNails","Mom, Global Nail Artist, Consultant, blah,blah, I do more than paint a nail","Thu Jul 25 14:06:28 +0000 2013","1992","1138","6"
"1623180199","","Jeffrey Kahunas","1565","2320","Pacific Time (US & Canada)","false","en","JeffreyKahunas","Honor God & Jesus & Your Parents Country, GOP, I Follow Back #tcot #RedNationRising #InGodWeTrust","Fri Jul 26 15:01:14 +0000 2013","1090","1586","18"
"1627096807","Chicago, IL","Jason Scott","674","1818","Eastern Time (US & Canada)","false","en","JassScott","Bring the drama, playa. Give me all you got. Make your move. Shoot your best shot
#BLM Bitch","Sun Jul 28 04:54:51 +0000 2013","2004","321","13"
"1627699074","United States","Sherman Cannon","2854","10203","Eastern Time (US & Canada)","false","en","CannonSher","Education costs money.  But then so does ignorance.","Sun Jul 28 11:51:53 +0000 2013","10128","2487","30"
"1629828379","New York, USA","Lovely Cass","2121","3831","Eastern Time (US & Canada)","false","en","cassishere","Fun-loving conservative sharing the truth that liberals can't handle. #TCOT","Mon Jul 29 07:59:27 +0000 2013","4154","2220","36"
"1647045721","Alaska","Carrie","2291","3222","Eastern Time (US & Canada)","false","en","CarrieThornthon","Conservative Christian Momma. Political junkie. Happily married","Mon Aug 05 05:56:27 +0000 2013","3930","2272","23"
"1648012021","United States","Anthony Nelson","853","1771","Eastern Time (US & Canada)","false","en","ImaPharrelFake","Here to state my point of view, make you laugh and most importanly to stand up for and represent my people #BlackLivesMatter","Mon Aug 05 14:58:13 +0000 2013","2764","1164","16"
"1649144358","","Wesley Holmes","1519","1232","Pacific Time (US & Canada)","false","en","WesternWindWes","Stand with God, Family, Constitution & 2A. On A Mission 2Save America. LIBS R BLOCKED
#WakeUpAmerica #tcot #GodBlessAmerica","Tue Aug 06 01:49:24 +0000 2013","592","1351","29"
"1649487510","USA","Khloe Irving","909","1935","Eastern Time (US & Canada)","false","en","HiImKhloe","Running back and forth forever between grief and high delight | problack | proguns | Always on point","Tue Aug 06 05:08:41 +0000 2013","2026","859","13"
"1649967228","United States","Nick Luna","1457","2100","Pacific Time (US & Canada)","false","en","_NickLuna_","Christian, Dad, Husband, Conservative. Trolls muted #tcot #PJNET","Tue Aug 06 10:16:28 +0000 2013","2001","1262","21"
"1650681522","United States","Messiah Haynes","2804","5554","Eastern Time (US & Canada)","false","en","IlikeBIGbuttand","The only true wisdom is in knowing you know nothing!","Tue Aug 06 16:32:34 +0000 2013","3939","2421","27"
"1651692980","USA","Thomas Lopez","456","1637","Eastern Time (US & Canada)","false","en","staywoke88","Problem solver...","Wed Aug 07 01:19:25 +0000 2013","1117","551","11"
"1651693646","United States","Cynthia Mary Hunter","429","2759","Eastern Time (US & Canada)","false","en","CynthiaMHunter","Christian Conservative #ProConstitution #2A #ProLife #ProIsrael #CruzCrew #SOV #SOT #LoveFreedom #StandUnited","Wed Aug 07 01:19:57 +0000 2013","4532","451","23"
"1652138929","NY","Bossy Bo$$","900","1725","Eastern Time (US & Canada)","false","en","acejinev","Very outspoken, but don't take it for anger. xoxo. Loving and welcoming to everyone!  #BlackLivesMatter #BlackToLive","Wed Aug 07 05:22:21 +0000 2013","1836","806","11"
"1652262638","USA","Anton Haynes","671","1936","Eastern Time (US & Canada)","false","en","AntonHayHay","white people are the most blood thirsty savages the world has ever seen #BLM #ICantBreath","Wed Aug 07 06:52:35 +0000 2013","1849","310","14"
"1652987412","USA","Alec Moody","905","3420","Eastern Time (US & Canada)","false","en","AlecMooooody","Love and respect all colors of skin. Teach respect, responsibility, and strength! #BlackLivesMatter  #StayWoke","Wed Aug 07 13:58:59 +0000 2013","3738","530","23"
"1653553555","Florida","Jayda Stone","916","1978","Eastern Time (US & Canada)","false","en","JaydaAstonishin","Aquarius. Queen Bey Stan. Happily Taken. carefree black gyal ✨","Wed Aug 07 17:59:05 +0000 2013","2191","1196","9"
"1655194147","St Louis, MO","̧M̧ȩļa̧ņi̧ņ","963","2121","Eastern Time (US & Canada)","false","en","melanymelanin","","Thu Aug 08 11:23:24 +0000 2013","2717","915","10"
"1656024374","","Nancy CAMPBELL","784","2124","Eastern Time (US & Canada)","false","en","IMissObama","I already miss Barack Obama in 2k16 smth...","Thu Aug 08 19:11:36 +0000 2013","2088","478","14"
"1656685598","USA","Jeanne Mccarthy","3242","1999","Eastern Time (US & Canada)","false","en","JeanneMccarthy0","Conservative domestic goddess devoted to God, Family, Country, praying daily for #America! #tcot #ccot #RepealObamacare.","Fri Aug 09 02:18:37 +0000 2013","1863","3420","35"
"1657694515","US","Jadon Dailey","1753","2299","Eastern Time (US & Canada)","false","en","DaileyJadon","You only live once, but if you do it right, once is enough","Fri Aug 09 12:38:08 +0000 2013","1298","1485","13"
"1657833811","USA","Adrienne","1822","2083","Eastern Time (US & Canada)","false","en","Adrienne_GG","lucky I am))","Fri Aug 09 13:55:17 +0000 2013","1010","1548","15"
"1658202894","United States","Laura Baeley","1073","1946","Eastern Time (US & Canada)","false","en","LauraBaeley","Liberty's Torch Bearer and best friend. OPINIONS ARE MY OWN. Getting more conservative by the day because of bearing a torch for liberty!!","Fri Aug 09 17:24:31 +0000 2013","1933","1160","14"
"1658420976","USA","Bao Ham","1032","2004","Eastern Time (US & Canada)","false","en","BaoBaeHam","When I let go of what I am, I become what I might be.","Fri Aug 09 19:23:10 +0000 2013","2420","836","12"
"1658440730","USA","Travi$ Lane","826","1875","Eastern Time (US & Canada)","false","en","TravisRespek","'As long as we try, maybe things will change' -pac #BlackLivesMatter #PrayForTheWorld","Fri Aug 09 19:14:25 +0000 2013","2384","931","12"
"4332740714","","","","","","","","USA_Gunslinger","","","","",""
"4840551713","","","","","","","","BlackToLive","","","","",""
"4437233895","","","","","","","","Crystal1Johnson","","","","",""
"4224729994","","","","","","","","TEN_GOP","","","","",""
"1659549972","NY","Jared Mallory","824","1811","Eastern Time (US & Canada)","false","en","MalloryJared","I`m studing to earn much money in the future and i`m working to earn money for studing...","Sat Aug 10 08:10:31 +0000 2013","2145","874","17"
"1660375034","USA","Sarah Richards","865","1747","Eastern Time (US & Canada)","false","en","iLoveSarahRich","Just trying to love the life I'm living & the people in it
Btw #InWoke #BLM #BlackToLive","Sat Aug 10 15:28:00 +0000 2013","2021","974","6"
"1660771422","USA","Garret Simpson","1588","2010","Eastern Time (US & Canada)","false","en","GarrettSimpson_","Conservative, but I like chatting with people of both sides of the political aisle #tcot","Sat Aug 10 19:27:26 +0000 2013","1577","1339","25"
"1661246144","USA","Kate Ritter","1578","5347","Eastern Time (US & Canada)","false","en","KateRitterrrr","I am a True Conservative and I love my country with all my heart! Happily married....","Sun Aug 11 00:17:33 +0000 2013","6797","1320","54"
"1662453998","USA","Ernest Rivers","827","1854","Eastern Time (US & Canada)","false","en","ErRivvvvers","You do what you want when you poppin' #Thugger ☀️ #blacklivesmatter #DABBNATION Still wondering what Metro Boomin want some more of…","Sun Aug 11 12:32:12 +0000 2013","2263","864","10"
"1664988493","USA","Claudia","2102","2574","Eastern Time (US & Canada)","false","en","claudia42kern","Lots of hobbies, prefer to lay in bed and do nothing ☺️","Mon Aug 12 12:28:59 +0000 2013","1609","1723","20"
"1665377383","New York, USA","Elias Briggs","820","2047","Eastern Time (US & Canada)","false","en","EliasBrick","Tenured professor, Director of Black Church Studies, minister, activist, womanist theologian, displaced New Yorker, lover of words","Mon Aug 12 15:33:31 +0000 2013","2060","903","6"
"1666030405","USA","Pam Daniels","943","2478","Eastern Time (US & Canada)","false","en","PamBLMDaniels","Smart, strong, sensual woman
#BlackLivesMatter activist","Mon Aug 12 20:50:57 +0000 2013","2530","549","24"
"1668307436","Baltimore","Curtis Burrell","3143","5510","Eastern Time (US & Canada)","false","en","CurtisBigMan","Big Man!","Tue Aug 13 17:05:52 +0000 2013","3721","2896","32"
"1669574551","USA","Rick Shafer","2694","1703","Eastern Time (US & Canada)","false","en","deusXYX","Freedom & Liberty Warrior Constitutional Conservative. USAF Veteran 316/46150 under Ronald Reagan. Levin #1 #Israel #PJNET","Wed Aug 14 05:02:51 +0000 2013","1021","3191","36"
"1670149272","USA","Javon Grayson","841","3479","Eastern Time (US & Canada)","false","en","JavonHIDP","The best time to plant a tree was 20 years ago. The second best time is now.","Wed Aug 14 10:44:06 +0000 2013","4438","456","18"
"1670318690","USA","Alexander Massey","941","2039","Eastern Time (US & Canada)","false","en","Siccerthanyou","siccer than your average, boi #blm #BlackLivesMatter #StayWoke #BlackToLive","Wed Aug 14 11:53:20 +0000 2013","2313","854","13"
"1671234620","USA","Susan","2225","10242","Eastern Time (US & Canada)","false","en","hyddrox","~Reagan Conservative ~Jesus Lover ~PRO-Israel ~PRO-2A ~PRO-Life ~PRO-Constitution ~Support Police & Military #RenewUS #PJNET #TCOT #CruzCrew #WakeUpAmerica","Wed Aug 14 19:07:30 +0000 2013","8748","2159","72"
"1672624255","USA","Samir Gooden","873","1739","Eastern Time (US & Canada)","false","en","SamirGooden","Young (in spirit), Gifted and Black. Proud Progressive Woman. A Man Who Stands For Nothing Will Fall For Anything- Malcolm X (MY ADDITION) #MalcolmX #BLM","Thu Aug 15 08:09:52 +0000 2013","2237","794","11"
"1674083671","USA","Gabriella Aldana","3356","3861","Eastern Time (US & Canada)","false","en","Gab1Aldana","❤ Love my life ❤","Thu Aug 15 21:02:22 +0000 2013","3861","3020","31"
"1676377446","USA","Chad Sloyer","797","2446","Eastern Time (US & Canada)","false","en","ChadSloyer","i was a good kid. never said I was a good adult. - Terrance Howard","Fri Aug 16 18:51:11 +0000 2013","3081","872","11"
"1676481360","USA","Emilee Waren","1909","2170","Eastern Time (US & Canada)","false","en","EmileeWaren","•Christian•Constitutional•Capitalist •NRA•Supporting Military•Police •Wife•Mom","Fri Aug 16 19:50:47 +0000 2013","1778","1501","23"
"1677048979","Baton Rouge, LA","Gwendolyn Lovet","1055","2597","Eastern Time (US & Canada)","false","en","GwennyThot","I HAVE TOO MANY FLAWS TO BE PERFECT BUT I HAVE TOO MANY BLESSINGS TO BE UNGRATEFUL ❤❤","Sat Aug 17 01:20:54 +0000 2013","3124","875","16"
"1679279490","USA","Amelie Baldwin","2464","15227","Eastern Time (US & Canada)","false","en","AmelieBaldwin","Wife, Mother, Patriot, Friend","Sat Aug 17 22:53:07 +0000 2013","14540","1930","160"
"1680578719","USA","Rosie Wise","683","1229","Eastern Time (US & Canada)","false","en","RosieOnFleek","'So, About That' on YT. Your woke big sister.
#Woke #BlackAndProud #BLM","Sun Aug 18 11:56:48 +0000 2013","1353","637","23"
"1681162956","Chicago, IL","Jerry","2608","9703","Eastern Time (US & Canada)","false","en","camosaseko","Enjoy your life and don't interfere in mine","Sun Aug 18 17:12:57 +0000 2013","10088","2279","27"
"1682444790","USA","Peyton Cash","770","1576","Eastern Time (US & Canada)","false","en","PeytonCashOut","#blackpride. Opinions, insights and witticisms are all free! #NiggaThatCares","Mon Aug 19 05:55:49 +0000 2013","1964","746","12"
"1684524144","USA","Will Wise","904","1844","Eastern Time (US & Canada)","false","en","DatWiseNigga","Squad goin' up, nobody flippin' packs now
#IloveMakonnen4life","Tue Aug 20 00:53:56 +0000 2013","2393","812","16"
"1685173321","USA","Chase Bacon","696","1889","Eastern Time (US & Canada)","false","en","BLMSoldier","#BlackLivesMatter Future Guest on Pardon The Interruption, Around the Horn & Highly Questionable...","Tue Aug 20 07:33:54 +0000 2013","2129","707","25"
"1685718216","America","John Larsen","541","2387","Eastern Time (US & Canada)","false","en","J0hnLarsen","stand 4 conservatism, patriotism & optimism. Protect our Kids! #WakeUpAmerica","Tue Aug 20 13:02:28 +0000 2013","3211","852","21"
"1685771767","USA","Stanley Parrish","849","1761","Eastern Time (US & Canada)","false","en","StanleyParris","I attribute my success to this: I never gave or took any excuse.","Tue Aug 20 12:59:48 +0000 2013","1975","1149","9"
"1686370159","United States","Archie Olivers","2569","1854","Pacific Time (US & Canada)","false","en","ArchieOlivers","My patriotic heart beats red, white, & blue.Just a guy in one of those fly over states! #2A","Tue Aug 20 17:49:51 +0000 2013","1006","3396","28"
"1687183549","USA","Bleep The Police","13196","13727","Eastern Time (US & Canada)","false","en","BleepThePolice","For a second at least, I'm resurrecting the peace

#Blacktivist #BlackLivesMatter","Wed Aug 21 01:49:22 +0000 2013","11083","8071","163"
"1688370956","Georgia, USA","Watch Jenny Walkin'","851","2259","Pacific Time (US & Canada)","false","en","WatchMeWalkin","Working - Music geek + Blacker than BlackHole","Wed Aug 21 13:49:48 +0000 2013","2214","547","10"
"1690487623","USA","Michelle Arrington","3229","2433","Eastern Time (US & Canada)","false","en","MichelleArry","Cautiously Optimistic Conservative. Gathering followers one at a time","Thu Aug 22 08:41:12 +0000 2013","2157","3290","42"
"1691736218","Los Angeles, CA","Reginald Blackmon","856","1997","Eastern Time (US & Canada)","false","en","RegieBlackmon","I’ve learned that people will forget what you said, people will forget what you did, but people will never forget how you made them feel.","Thu Aug 22 18:06:53 +0000 2013","2558","931","10"
"1692501152","Los Angeles, CA","Cornell Burchett","766","1786","Eastern Time (US & Canada)","false","en","CornellBurchet","A world for a few, a few to justice, lands in the hands of a few, few to education, wealth for a few. A world composed of an arrogant elite, perverse and biased","Fri Aug 23 01:00:15 +0000 2013","2166","720","19"
"1694026190","United States","Jackie Best","2078","3416","Eastern Time (US & Canada)","false","en","JacquelinIsBest","I love God,my family & politics. Conservative. MARRIED!
#tcot #PJNET","Fri Aug 23 14:41:32 +0000 2013","3518","1757","31"
"1695830984","United States","Kelvin Chambers","1506","1576","Pacific Time (US & Canada)","false","en","Kelvin_Chambers","Father of twin daughters. Conservative Republican. Interested in world events, politics, and sports. RT= whatever I find interesting","Sat Aug 24 07:32:29 +0000 2013","984","1260","32"
"1699979024","Texas, USA","Randolph Burris","876","1914","Eastern Time (US & Canada)","false","en","RandolphBurrr","#FreeGucci
Blacktivist, I'm down with #BlackLivesMatter and #BRONZE 
United we stand","Sun Aug 25 19:28:17 +0000 2013","2552","917","10"
"4272870988","","","","","","","","Pamela_Moore13","","","","",""
"1701955429","Baltimore, MD","Zachary Freeman","899","1700","Eastern Time (US & Canada)","false","en","ZzzacharyZzz","i work out hard as fuck, bench press and lift as much as I can, so if me and the cops ever get into it… God bless the one that I grab #FTP #ACAB #BlackPower","Mon Aug 26 13:25:39 +0000 2013","2290","831","14"
"1710804738","United States","Steven Cook","1468","2188","Pacific Time (US & Canada)","false","en","CooknCooks","HI FBI !!! #TRUMP, #Trump2016, @realdonaldtrum, #WAKEUPAMERICA, #MakeAmericaGreatAgain, #SOCIALMEDIA, #Blogger, #PJNET, #CCOT, #Chicago,, #MASTER, #MUSIC,","Thu Aug 29 19:45:40 +0000 2013","2447","1454","15"
"1715190968","USA","One Mighty Fish","698","1718","Eastern Time (US & Canada)","false","en","OneMightyFish","People are just afraid of things too much. Afraid of things that don't necessarily merit fear  - Franc Ocean
#BlackToLive","Sat Aug 31 09:33:57 +0000 2013","1978","831","13"
"1715424829","United States","Mackenzie Donovan","536","2300","Eastern Time (US & Canada)","false","en","KenzDonovan","Const Conservative Patriot Mamma❤️Defending #Liberty & #Freedom!❤️Luv #fam #friends #dogs & dancing cha-cha-cha!❤️","Sat Aug 31 11:06:09 +0000 2013","2609","577","10"
"1716228906","USA","Jasmin Jacobs","906","2217","Eastern Time (US & Canada)","false","en","Jani_s_Jac","i aint shit now, but bitch i might be ✨
#FreeGuwop #BlackLivesALWAYSMattered","Sat Aug 31 17:14:08 +0000 2013","2405","575","10"
"1716561367","USA","Ida Marks","1080","2194","Eastern Time (US & Canada)","false","en","IIddaaMarks","An unexamined life is not worth living. –Socrates","Sat Aug 31 19:07:08 +0000 2013","3051","925","14"
"1720117201","USA","Donna from USA","1623","2341","Eastern Time (US & Canada)","false","en","DonnaBRivera","Constitutional Conservative #1A #2A #NRA #StandWithIsrael #TCOT #CCOT #LNYHBT #ProLife #SupportMilitary #BlueLivesMatter #SecureTheBorder #GodBlessAmerica","Sun Sep 01 20:02:10 +0000 2013","1772","1552","33"
"1720981580","USA","Hunter Odom","2727","2076","Eastern Time (US & Canada)","false","en","HunterOddddom","Life is 10% what happens to me and 90% of how I react to it. –Charles Swindoll","Mon Sep 02 02:57:06 +0000 2013","2615","2001","24"
"1727482238","","Fluffy Melvin","3169","4874","Eastern Time (US & Canada)","false","en","MelvinSRoberts","Internet junkie #hashtagwars lover!","Wed Sep 04 03:45:27 +0000 2013","3562","2658","30"
"1768259989","USA, Atlanta","Clyde Pratt","914","1978","Eastern Time (US & Canada)","false","en","mrclydepratt","Life is a beautiful struggle. Seek enlightenment, not hate
#BlackToLive","Sat Sep 07 19:16:06 +0000 2013","1996","847","23"
"1833223908","USA","Dorothie","1893","3069","Eastern Time (US & Canada)","false","en","DorothieBell","Conservative wife, mother! Extremely proud of our veterans!! Lets take this once great country back!!!","Sun Sep 08 19:08:41 +0000 2013","3166","2315","33"
"1856828959","Florida, USA","Deandre Gregory","774","1703","Eastern Time (US & Canada)","false","en","OGDeandre","Read the mess I tweet & retweet about & you'll have an idea of the kinda person I am✌","Thu Sep 12 09:04:03 +0000 2013","1989","415","11"
"1859674386","US","Michael Garcia","851","2295","Eastern Time (US & Canada)","false","en","DrMichaelGarcia","I make privileged people upset #BlackLivesMatter #FistsUpAfrosOut","Fri Sep 13 06:39:11 +0000 2013","2937","453","11"
"1868496344","USA","Briana Ragland","768","2938","Eastern Time (US & Canada)","false","en","brianaregland","Black is my religion. If you buy me lipstick we go together #AllBlackEverything #WokeAF","Sun Sep 15 17:11:49 +0000 2013","3221","415","12"
"1868981054","United States","Ryan Maxwell","1839","1853","Pacific Time (US & Canada)","false","en","RyanMaxwell_1","Conservative. sports fan. Doing what I love, promoting Conservatism. #PJNET #TCOT #Conservative","Sun Sep 15 19:45:16 +0000 2013","1102","1990","25"
"1914760610","NYC","Raven Nicholson","807","1645","Eastern Time (US & Canada)","false","en","ravenicholson","Everybody deserves to know they too can be the hero of a story. I’m just a regular guy trying to put those heroes in stories","Sat Sep 28 17:17:28 +0000 2013","2437","860","10"
"2233297178","Москва, Россия","Артур Буранов","405","1350","Yerevan","false","ru","ArturBuranof","Лучшее средство привить детям любовь к отечеству состоит в том, чтобы эта любовь была у отцов.","Fri Dec 06 17:29:56 +0000 2013","615","1628","1"
"2388391757","Москва, Россия","Бучин Боря","108","1357","Baku","false","ru","Boryabuchin","Москва, как много в этом звуке Для сердца русского слилось, Как много в нем отозвалось!","Thu Mar 06 13:29:09 +0000 2014","1476","215","1"
"2404145297","","Мистер Пудинг","81","1310","Moscow","false","ru","Puddin_Leto","Вы верите в дружбу, а я верю в шантаж.","Wed Mar 12 07:09:51 +0000 2014","2264","85","0"
"2415525154","Москва, Россия","Артём Захаров","2111","586","Volgograd","false","ru","teZaharov","Высшая доблесть состоит в том, чтобы совершать в одиночестве то, на что люди отваживаются лишь в присутствии многих свидетелей.","Sun Mar 16 16:04:57 +0000 2014","406","69","0"
"2419886435","Мурманск","Валентина Дмитриева","2466","1312","Moscow","false","ru","Valeyina_Dm","Против белоленточной чумы #ЯПатриотка","Tue Mar 18 11:53:29 +0000 2014","354","811","1"
"2422793627","Санкт-Петербург","БогданКравцов","2741","1619","Baku","false","ru","BogdanKravcov","Любовь к Отечеству - это готовность защищать его независимость.","Wed Mar 19 15:33:40 +0000 2014","908","1564","4"
"2478383999","","Алексей Лапин","2219","1237","Volgograd","false","ru","_SashaLapin","У Пушкина есть грандиозная фраза...
Гордиться славою своих предков не только можно, но и должно. Не уважать оной есть постыдное малодушие","Sat Apr 12 09:09:27 +0000 2014","345","679","4"
"2484642526","","Warfare Worldwide","23876","2618","St. Petersburg","false","en","WarfareWW","Political & Military Analyst","Mon Apr 14 17:32:56 +0000 2014","247","7481","565"
"2491081213","USA","Wade Harriot","1363","3089","Eastern Time (US & Canada)","false","en","wadeharriot","Christian, Husband, Father, American, Conservative, Tea Party, Fisherman, Gun Owner, Engineer, USN Vet #BodyLife #TCOT #TGDN #2A #TPFA #CruzCrew #PJNET","Mon May 12 07:50:03 +0000 2014","4478","1040","25"
"2492948562","USA","Jadon Hutchinson","888","2139","Eastern Time (US & Canada)","false","en","JadonHutchinson","People often say that motivation doesn’t last. Well, neither does bathing. That’s why we recommend it daily.","Tue May 13 13:09:48 +0000 2014","2831","1234","28"
"2494509505","Калининград, Россия","Мария Котова","4515","747","Volgograd","false","ru","Kotovamarys","Родина там, где чувствуешь себя свободно.","Wed May 14 18:11:36 +0000 2014","990","62","1"
"2495567768","San Francisco, CA","San Francisco Daily","16812","32546","Pacific Time (US & Canada)","false","en","DailySanFran","Follow for San Francisco's breaking news, special reports, entertainment and more from @DailySanFran","Thu May 15 03:22:22 +0000 2014","1","5128","159"
"2498271878","United States","Jake Fischer","1609","1033","Eastern Time (US & Canada)","false","en","interFischer","I believe in God, Bible, Country, 2nd Amendment rights. I Stand by Israel, Supporter of TRADITIONAL Marriage
#RedNationRising","Fri May 16 10:36:48 +0000 2014","494","1828","15"
"2501947239","Москва, Россия","Таисия Авдеева","2535","937","Volgograd","false","ru","TaisiaAvdeeva","Сегодня я настоящая ватница: в ватнике, со сладкой ватой и только что от Соловьева","Tue Apr 22 14:33:37 +0000 2014","2168","279","1"
"2504171440","Москва","Ольга Ильина","75","548","Moscow","false","ru","patriotka_rusi","умная","Wed Apr 23 14:33:08 +0000 2014","631","87","4"
"2512420407","Калуга, Россия","Руслан Рогов","4507","657","Volgograd","false","ru","russilanrogov","Умом Россию не понять, Аршином общим не измерить: У ней особенная стать — В Россию можно только верить.","Sun Apr 27 11:14:41 +0000 2014","1644","75","3"
"2512994207","","Невротик","97","1912","Moscow","false","ru","rusnevrotik","","Sun Apr 27 16:34:47 +0000 2014","2658","120","1"
"2514979491","Я везде","Старая разведчица","2360","1135","Volgograd","false","ru","razvedchica_","За Россию! Знаю много, говорю мало","Mon Apr 28 15:37:43 +0000 2014","1261","549","3"
"2524942055","Москва, Россия","Вячеслав Пономарёв","76","490","Moscow","false","ru","ponomarevSlav","","Sat May 03 07:34:27 +0000 2014","545","274","2"
"2525032463","Ярославль, Россия","Виктория Борисова","2513","594","Volgograd","false","ru","ViBorisova","На первом месте должны быть родина и родители, потом дети и вся семья, а затем остальные родственники.","Sat May 03 08:41:33 +0000 2014","908","189","0"
"2527537955","Москва","Николай Черненко","2233","1243","Volgograd","false","ru","ChernenkoNikola","Патриотизм, чей бы то ни был, доказывается не словом, а делом.","Sun May 04 08:18:36 +0000 2014","427","243","2"
"2527804618","Москва, Россия","Роман Агафонов","2452","835","Moscow","false","ru","RomanAgafonovv","Человек, а это в наше время редкость!","Sun May 04 10:31:27 +0000 2014","393","379","1"
"2527983201","Питер","Степан Сазонов","2204","529","Volgograd","false","ru","StepanSazono","Только доблесть бессмертно живет, Ибо храбрые славны вовеки!","Sun May 04 12:03:24 +0000 2014","759","202","2"
"2528245959","Москва","Василич","2495","938","Volgograd","false","ru","VasilichVasili","Попади только на чужбину, так начнешь уверять, что у нас свиньи жареные разгуливают.","Sun May 04 14:12:42 +0000 2014","442","192","2"
"2528293132","Moscow","Антон Ерофеенко","2189","701","Volgograd","false","ru","ErofeenkoAnton","Десантников бывших не бывает! Воин дяди Васи, события на Украине не одобряю!","Sun May 04 14:30:32 +0000 2014","419","252","1"
"2530603456","Москва","Алексей Соколов","337","2669","Yerevan","false","ru","Aleksey_Sokol_","Член ВПП Единая Россия, , зам. председателя МГЕР МО Марьино","Mon May 05 09:35:10 +0000 2014","2853","1702","4"
"2531159968","Washington, DC","Tracy Brooks","3696","4655","Eastern Time (US & Canada)","false","en","traceyhappymom","Great thoughts speak only to the thoughtful mind, but great actions speak to all mankind.","Mon May 05 14:13:47 +0000 2014","3778","3353","21"
"2532597577","USA","Bruce Dublin","2161","2995","Eastern Time (US & Canada)","false","en","BrucieDublin","","Thu May 29 12:43:47 +0000 2014","1854","1807","23"
"2532611755","Atlanta","Kathie","2970","4267","Eastern Time (US & Canada)","false","en","KathieMrr","Imperfection is beauty, madness is genius and it's better to be absolutely ridiculous than absolutely boring","Thu May 29 12:50:04 +0000 2014","2094","3157","22"
"2533001646","USA","Jasper Flynn","1957","3379","Eastern Time (US & Canada)","false","en","Jasper_Fly","#hashtagwarrior and your mom knows it!","Thu May 29 16:57:09 +0000 2014","2416","1782","15"
"2533653547","USA","Eva Green","2668","1831","Eastern Time (US & Canada)","false","en","EvaGreen69","God comes 1st. My Daughters, & my husband retired Navy Vet, are the center of my world.. Serving the Lord for the rest of my life. TRUMP 2016!","Thu May 29 23:40:26 +0000 2014","1325","2884","46"
"2533984805","Чита","Роман Горолов","2452","1080","Moscow","false","ru","romanGorolov","Работаю в Государственной ветеринарной службе Забайкальского края. Вижу Россию сильной страной","Wed May 07 14:14:55 +0000 2014","876","119","2"
"2534875924","","F.R.I.E.N.D.S","70","2024","Moscow","false","ru","6Druz","Если я стану похож на своих родителей, то либо стану блондинкой-алкоголичкой, которая гоняется за двадцатилетними парнями, либо буду, как моя мама.","Thu May 08 09:32:12 +0000 2014","2751","11","0"
"2535166748","USA","Paola Kinck","2145","3518","Eastern Time (US & Canada)","false","en","PaolaKinck","stand 4 conservatism, patriotism & optimism: Don't Take My Lemonade Stand & Obama 2012 Slogans.Protect our Kids! #WakeUpAmerica","Fri May 30 14:14:48 +0000 2014","2082","2956","24"
"2535218881","Atlanta","Hailey Romano","1857","2035","Eastern Time (US & Canada)","false","en","heyheyhailey","","Fri May 30 14:34:05 +0000 2014","1542","1539","8"
"2535353390","Atlanta","Caleb Paar","1374","2983","Eastern Time (US & Canada)","false","en","CalebPaar","","Fri May 30 15:56:10 +0000 2014","1438","1698","12"
"2535818742","New York","Kendra","1688","2746","Eastern Time (US & Canada)","false","en","happkendrahappy","Stop trying to fix the POLICE; fix the GHETTO! 

#WakeUpAmerica #TCOT #PJNET #BlueLivesMatter","Fri May 30 20:55:46 +0000 2014","2301","1307","32"
"2536146374","Atlanta, Georgia","Danny","1857","2191","Eastern Time (US & Canada)","false","en","dannythehappies","You know you're in love when you can't fall asleep because reality is finally better than your dreams","Sat May 31 00:27:24 +0000 2014","1405","1548","17"
"2537592520","Барнаул, Россия","Колорад","2412","795","Moscow","false","ru","Kolradskiy_Zhuk","Люблю Россию и ничего не могу с собой поделать","Fri May 09 19:02:53 +0000 2014","1061","106","4"
"2538941639","","Прынцесса","168","1158","Volgograd","false","ru","sovasof","нельзя выбросить человека из головы.
а из окна - можно.","Sat May 10 12:05:13 +0000 2014","843","151","1"
"2540596597","Atlanta, GA","Chris","2456","4237","Eastern Time (US & Canada)","false","en","holycrapchrix","Addicted to #hashtag #games","Mon Jun 02 02:03:39 +0000 2014","2768","2134","34"
"2540758755","USA","Stanley Cox","2508","1410","Central Time (US & Canada)","false","en","Stanley_Cox_","christian, pro life,conservative,strong supporter of Israel. Constitutionalist, #2A supporter","Sun May 11 10:33:38 +0000 2014","930","2859","27"
"2540882036","US","Toby Kress","1424","1396","Eastern Time (US & Canada)","false","en","heyits_toby","Guardian of the Animals, Conservative, DIY'er, ninja #tcot","Mon Jun 02 06:34:52 +0000 2014","1011","1676","10"
"2541215075","Санкт-Петербург","Ленка Воропаева","2160","549","Moscow","false","ru","GvardeykaLena","Вступай в #МолодаяГвардия","Sun May 11 15:53:17 +0000 2014","312","50","1"
"2541945841","Atlanta","Eric Roberts","2011","3777","Eastern Time (US & Canada)","false","en","mr_clampin","","Mon Jun 02 18:05:55 +0000 2014","2403","1770","13"
"2547141851","Chicago, IL","Chicago Daily News","19525","39293","Central Time (US & Canada)","false","en","ChicagoDailyNew","Local news, sports, business, politics, entertainment, travel and opinion for Chicago and Illinois. DM us 24/7","Wed May 14 10:48:50 +0000 2014","10","7063","214"
"2547539571","","More","126","1083","Volgograd","false","ru","MsM0re","Об твое сердце мог бы разбиться даже Титаник.","Wed May 14 15:09:05 +0000 2014","1980","145","1"
"2559217373","Москва","Алексей Владимиров","2211","620","Volgograd","false","ru","AlexsVladimirov","","Thu May 22 18:47:02 +0000 2014","1679","71","0"
"2559850571","Москва, Россия","Олег Лапин","83","432","Volgograd","false","ru","LapinOlegg","Любовь к родине — первое достоинство цивилизованного человека.","Fri May 23 05:39:16 +0000 2014","307","129","3"
"2563274242","Москва","Статский Советник","2147","978","Volgograd","false","ru","SovetnikStatski","Говорунов много, а бойцов, на всю Россию — я и эти трое!","Sun May 25 10:39:05 +0000 2014","772","373","2"
"2568897527","Москва","Сергей Брянцев","51","1280","Yerevan","false","ru","Sergbriantsev","Только одно отечество заключает в себе то, что дорого всем.","Wed May 28 12:37:40 +0000 2014","748","3","0"
"2569229674","New - York","Lora Green","4009","5867","Eastern Time (US & Canada)","false","en","LoraGreeen","Be the change that you wish to see in the world","Wed May 28 16:02:11 +0000 2014","3676","3363","32"
"2570017414","Memphis, TN","Memphis Online","18704","4223","Central Time (US & Canada)","false","en","OnlineMemphis","Breaking news, weather, traffic and more for Memphis and Tennessee. DM us anytime. RTs not endorsements","Thu May 29 01:01:16 +0000 2014","3","5751","113"
"2570250275","USA","Aiden Ramsey","1794","2284","Eastern Time (US & Canada)","false","en","Aiden7757","In order to succeed, your desire for success should be greater than your fear of failure.","Thu May 29 09:58:50 +0000 2014","1711","1527","17"
"2570631118","United States","Politweecs","32846","559","Central Time (US & Canada)","false","en","Politweecs","Tweets and politics","Thu May 29 16:09:26 +0000 2014","51","25600","117"
"2571344730","","Моно","102","935","Volgograd","false","ru","shapka_mono","Ясно - и конец диалогу","Mon Jun 16 17:49:33 +0000 2014","1331","497","1"
"2571870453","Detroit, Michigan","Detroit Daily News","18617","18924","Central Time (US & Canada)","false","en","DetroitDailyNew","Local news, sports, business, politics, entertainment, travel and opinion for Detroit. DM us 24/7","Fri May 30 07:24:00 +0000 2014","4","5144","193"
"2571997365","USA","Anthony Porter","1545","2196","Central Time (US & Canada)","false","en","toneporter","","Fri May 30 09:13:02 +0000 2014","1367","1408","10"
"2572058134","USA","Leroy Barton","1545","1501","Eastern Time (US & Canada)","false","en","LeroyLovesUSA","Conservative #tcot #pjnet ReTweets ≠ Endorsement
#GodBlessAmerica","Fri May 30 09:52:16 +0000 2014","976","1321","9"
"2572092279","US","Justin","1969","2148","Eastern Time (US & Canada)","false","en","hipppo_","Striving for excellence motivates you; striving for perfection is demoralizing","Fri May 30 10:41:42 +0000 2014","1520","1855","9"
"2574715662","Russia","Михаил Новиков","912","765","Volgograd","false","ru","mihanovikov","Мила нам добра весть о нашей стороне: Отечества и дым нам сладок.","Wed Jun 18 12:14:15 +0000 2014","1088","1148","9"
"2575046530","Ростов-на-Дону, Россия","Глеб Никонов","2464","807","Volgograd","false","ru","GlebNikon","Патриот — это человек, служащий родине, а родина — это прежде всего народ.","Sun Jun 01 09:39:52 +0000 2014","227","165","0"
"2575471053","Санкт-Петербург ","Сергеев Анатолий","2467","956","Volgograd","false","ru","Sergeev_Tolik","Те, кто отвергает религию, со временем теряют уважение к таким ценностям и понятиям, как честь, родина и нация.","Sun Jun 01 14:50:02 +0000 2014","392","206","0"
"2577152109","","ДенИс","87","1479","Moscow","false","ru","Denn_Nikitin","","Mon Jun 02 10:35:09 +0000 2014","1719","70","0"
"2578226850","Россия","Борис Елисеев","2163","581","Volgograd","false","ru","BorisEleseev","Служу России!!!","Fri Jun 20 07:35:09 +0000 2014","320","229","0"
"2578422308","Тула, Тульская область","Cоюзники России","21072","15364","Abu Dhabi","false","en","russianallies","Александр III: У России есть только два союзника: её Армия и Флот. 
Новости об армии из оружейной столицы России","Fri Jun 20 10:17:19 +0000 2014","0","2926","134"
"2579342751","USA","Proud Robert","1982","1325","Baku","false","en","RealRobert1987","Faith, Honesty, Family, Work, Self Discipline, Loyalty, Courage, Defending Innocent, Personal Responsibility. Patriot. Conservative
#WakeUpAmerica","Tue Jun 03 04:02:16 +0000 2014","639","1834","17"
"2584152521","Montgomery","Jacky","1704","2233","Eastern Time (US & Canada)","false","en","queenofthewo","I have not failed. I've just found 10,000 ways that won't work","Thu Jun 05 12:27:57 +0000 2014","1275","1427","11"
"2586491520","Москва, Россия","Валя Бочарников","212","1368","Nairobi","false","ru","Bocharnikov_V","И дым отечества нам сладок и приятен!","Tue Jun 24 23:36:30 +0000 2014","1080","1372","3"
"2586506586","Москва","Александр Харитонов","2231","1257","Moscow","false","ru","AlexHarritonov","Общественный деятель","Tue Jun 24 23:50:56 +0000 2014","521","136","1"
"2587100717","USA","Jude Lambert","1688","1515","Central Time (US & Canada)","false","en","JudeLambertUSA","God. Country. Family. #tcot
#RedNationRising  #InGodWeTrust","Fri Jun 06 13:58:27 +0000 2014","939","1525","21"
"2587843805","Kansas City, MO","KansasCityDailyNews","25356","42560","Central Time (US & Canada)","false","en","KansasDailyNews","Local news, sports, business, politics, entertainment, travel and opinion for Kansas. DM us 24/7","Fri Jun 06 19:56:04 +0000 2014","1","5169","166"
"2589353987","USA","Cassie Weltch","1710","2455","Eastern Time (US & Canada)","false","en","CassieWeltch","Ask and it will be given to you; search, and you will find; knock and the door will be opened for you","Sat Jun 07 13:13:24 +0000 2014","1381","1415","8"
"2590038478","USA","Raphael","1313","1521","Eastern Time (US & Canada)","false","en","PatriotRaphael","Pissed off patriot. #2A supporter #tcot
#WakeUpAmerica","Sat Jun 07 18:41:41 +0000 2014","989","1555","19"
"2601235821","Pittsburgh, PA","Pittsburgh Today","18917","32006","Eastern Time (US & Canada)","false","en","TodayPittsburgh","Pittsburgh's local news on Twitter. Breaking news, sports, events  and international news. Tweet us or DM","Wed Jun 11 14:24:00 +0000 2014","7","6350","145"
"2604334823","USA","Jarrard","1738","2189","Eastern Time (US & Canada)","false","en","JarrardNorman","What’s money? A man is a success if he gets up in the morning and goes to bed at night and in between does what he wants to do.","Thu Jun 12 18:16:18 +0000 2014","1416","1354","18"
"2606301939","USA","Donald Finley","1409","4283","Central Time (US & Canada)","false","en","finley1589","Conservative. Politics. Pro-Life. Writer. 
#GodBlessAmerica #WakeUpAmerica #InGodWeTrust","Fri Jun 13 13:35:19 +0000 2014","6237","1187","41"
"2616344667","United States","Amy Green","3557","4461","Eastern Time (US & Canada)","false","en","AmandaVGreen","You have to go through the worst to arrive at your best","Tue Jun 17 05:45:51 +0000 2014","2672","3303","37"
"2620614029","Philadelphia, PA","Philadelphia Online","15904","9725","Eastern Time (US & Canada)","false","en","PhiladelphiaON","Breaking news, weather, traffic and more for Philadelphia and Pennsylvania. DM us anytime. RTs not endorsements","Wed Jun 18 17:42:55 +0000 2014","4","5890","118"
"2620869737","USA","David Collier","1780","1757","Eastern Time (US & Canada)","false","en","pureDavie","I would rather die of passion than of boredom.","Wed Jun 18 19:34:30 +0000 2014","1055","1603","14"
"2624554209","Los Angeles, CA","Los Angeles Daily","17851","7288","Pacific Time (US & Canada)","false","en","DailyLosAngeles","Follow for LA's breaking news, special reports, entertainment and more from @DailyLosAngeles","Fri Jun 20 03:22:39 +0000 2014","4","7200","192"
"2665564544","","Мюсли Лаврова","47080","11798","Volgograd","false","ru","LavrovMuesli","Держу МИД, спорю с дебилами, бл@#%.
Пародийный аккаунт, содержит «юмор», «комментарии» и «недостоверную информацию».  Берегите себя и своих близких.","Mon Jul 21 10:56:38 +0000 2014","1026","2356","359"
"2668171329","USA","Bob Hodges","3080","3935","Eastern Time (US & Canada)","false","en","brightandglory","","Thu Jul 03 15:01:56 +0000 2014","3359","3240","24"
"2671070290","USA","Blake Cline","2035","3325","Eastern Time (US & Canada)","false","en","PatriotBlake","Big Government=corruption, #NRA, Conservative, My Tweets=my personal opinions
#GodBlessAmerica","Fri Jul 04 08:01:06 +0000 2014","3533","2286","38"
"2732675512","arkansas","Bekky Garner","2496","3942","Eastern Time (US & Canada)","false","en","BGarner2107","embrace yourself","Sun Aug 03 19:00:10 +0000 2014","2765","2159","27"
"2742482932","Boston","Casey Pittman","1907","2537","Eastern Time (US & Canada)","false","en","cascaseyp","Do not let what you cannot do interfere with what you can do.","Thu Aug 14 07:52:32 +0000 2014","972","1567","15"
"2743327187","Washington, D.C.","Washington Online","31729","28939","Eastern Time (US & Canada)","false","en","WashingtOnline","Breaking news, weather, traffic and more for Washington. DM us anytime. RTs not endorsements","Fri Aug 15 07:33:02 +0000 2014","31","12148","263"
"2752677905","New York, NY","New York City Today","60897","42438","Eastern Time (US & Canada)","false","en","TodayNYCity","New York City's local news on Twitter. Breaking news, sports, events and international news. Tweet us or DM","Wed Aug 27 17:34:47 +0000 2014","42","5999","208"
"2753146444","City of Cleveland, USA","Cleveland Online","16297","15314","Central Time (US & Canada)","false","en","OnlineCleveland","Breaking news, weather, traffic and more for Cleveland. DM us anytime. RTs not endorsements","Thu Aug 28 07:00:42 +0000 2014","4","7621","80"
"2753211010","City of Phoenix, Arizona","Phoenix Daily News","14895","19310","Arizona","false","en","PhoenixDailyNew","Local news, sports, business, politics, entertainment, travel and opinion for Phoenix and Arizona. DM us 24/7","Thu Aug 28 09:32:33 +0000 2014","4","5412","132"
"2753338899","City of San Antonio, TX","San Antonio Top News","19506","13260","Central Time (US & Canada)","false","en","SanAntoTopNews","San Antonio top news and stories, powered 24/7","Thu Aug 28 14:35:55 +0000 2014","3","8167","104"
"2882013788","Pittsburgh, US","Giselle Evans","24344","18466","Eastern Time (US & Canada)","false","en","GiselleEvns","if you don't work hard to achieve your dreams, you'll never achieve them","Wed Oct 29 11:47:31 +0000 2014","9122","21953","113"
"2882037326","USA","Dana Gold","20941","13591","Eastern Time (US & Canada)","false","en","DanaGeezus","Producer","Wed Oct 29 12:07:12 +0000 2014","11920","14773","130"
"2882331822","USA","Jenna Abrams","61609","20576","Eastern Time (US & Canada)","false","en","Jenn_Abrams","Politics is a circus of hypocrisy. I DO care. Any offers/ideas/questions? DM or email me jennnabrams@gmail.com","Wed Oct 29 16:57:18 +0000 2014","8763","20600","456"
"4508630900","","","","","","","","TheFoundingSon","","","","",""
"2882350436","USA","Christian Morgan","18062","10121","Pacific Time (US & Canada)","false","en","ChrixMorgan","I'm so funny. I can make myself laugh","Wed Oct 29 16:41:11 +0000 2014","6268","9033","97"
"2928870434","","Newspeak Daily","5786","10611","Eastern Time (US & Canada)","false","en","NewspeakDaily","it's never too late to reinvent the bicycle","Sat Dec 13 17:39:36 +0000 2014","0","874","65"
"2943515140","","Screamy Monkey","13214","45883","Pacific Time (US & Canada)","false","en","ScreamyMonkey","First frontier.News aggreagtor.","Sat Dec 27 08:31:21 +0000 2014","1165","14051","44"
"2951556370","","Special Affair","11237","36058","Pacific Time (US & Canada)","false","en","SpecialAffair","Political junkie in action","Tue Dec 30 17:41:33 +0000 2014","948","10072","51"
"3071479646","Baltimore, MD","Baltimore Online","6406","10773","Eastern Time (US & Canada)","false","en","Baltimore0nline","Breaking news, weather, traffic and more for Baltimore. DM us anytime. RTs not endorsements","Tue Mar 10 13:26:38 +0000 2015","78","5272","112"
"3074563039","St Louis, MO","St. Louis Online","8329","17082","Eastern Time (US & Canada)","false","en","StLouisOnline","Breaking news, weather, traffic and more for St. Louis. DM us anytime. RTs not endorsements","Thu Mar 12 03:43:19 +0000 2015","9","5249","145"
"3080829096","Richmond, VA","Richmond Voice","2804","5234","Eastern Time (US & Canada)","false","en","RichmondVoice","Richmond's latest news source. Follow us for original reporting and trusted news @RichmondVoice. DM your local news tips","Sat Mar 14 13:09:05 +0000 2015","3","4719","29"
"3083086600","USA","Kristian Aldrich","1483","1162","Eastern Time (US & Canada)","false","en","Aldrich420","Retired Chief Financial Officer, Patriot, Conservative Constitutionalist, 2nd Amend Supporter, Penn State Grad - Political Science, Fitness Enthusiast","Tue Mar 10 02:43:42 +0000 2015","940","1670","24"
"3083844539","","Holly Elder","1831","3066","Eastern Time (US & Canada)","false","en","Hollydler","I live by the creed God, family, country. I'm a #BlueLives family. #lnyhbt #tcot #Israel #ccot #PJNET #policeLivesMatter","Tue Mar 10 12:14:35 +0000 2015","3525","1493","20"
"3084088366","","Kenneth Pierce","2286","1695","Eastern Time (US & Canada)","false","en","PriceForPierce","Constitutional conservative-Pro life-Pro 2nd amendment-Christian","Tue Mar 10 13:51:14 +0000 2015","1029","2696","30"
"3084360275","USA","Milo Blake","1916","1659","Eastern Time (US & Canada)","false","en","Mil0Blake","Faith, Honesty, Family, Work, Self Discipline, Loyalty, Courage, Defending Most Innocent, Personal Responsibility & Helping Others Help Themselves #tcot","Tue Mar 10 16:44:21 +0000 2015","852","1977","25"
"3084866039","","Devin Brewer","1590","1061","Pacific Time (US & Canada)","false","en","DevineDevinBr","#JESUS IS MY LOVE - TEA PARTY. ARREST OBAMA REGIME #TCOT
#RedNationRising #InGodWeTrust","Tue Mar 10 21:06:03 +0000 2015","511","1361","28"
"3091936475","Newark, NJ","Newark Voice","4108","11511","Eastern Time (US & Canada)","false","en","NewarkVoice","Newark's latest news source. Follow us for original reporting and trusted news @NewarkVoice","Sun Mar 15 07:23:30 +0000 2015","0","3732","42"
"3091979410","Baton Rouge, LA","Baton Rouge Voice","3110","20707","Eastern Time (US & Canada)","false","en","BatonRougeVoice","Baton Rouge's latest news source. Follow us for original reporting and trusted news @BatonRougeVoice. DM your local news tips","Sun Mar 15 07:27:59 +0000 2015","0","2382","42"
"3312143142","StLouis","1-800-WOKE-AF","19314","28695","Pacific Time (US & Canada)","false","en","gloed_up","No black person is ugly 
#BRONZE #BlackLivesMatter #BlackToLive","Tue Aug 11 07:22:47 +0000 2015","12132","10011","255"
"3438999494","","World Of Hashtags","7379","21500","Eastern Time (US & Canada)","false","en","WorldOfHashtags","Hosted by @GiselleEvns. Join #WorldOfHashtags game on Mondays at 9AM ET/ Wednesdays at 10AM ET","Thu Sep 03 17:13:40 +0000 2015","27181","5462","80"
"3899481526","","Syria Today","26430","10162","London","false","en","todayinsyria","News about war in #Syria & #ISIS","Thu Oct 08 12:27:46 +0000 2015","93","6100","273"
"3978316814","","BlackMatters","15026","3252","Pacific Time (US & Canada)","false","en","blackmattersus","Fast-growing black community. Latest news and everyday updates, opinions on today’s racial justice issues.#BlackMattersUS #BLM","Thu Oct 22 08:38:41 +0000 2015","2830","14414","144"
"3990577513","","Tea Party News","19976","1649","Pacific Time (US & Canada)","false","en","tpartynews","","Fri Oct 23 11:07:56 +0000 2015","928","21908","97"
"4036537452","","4 My Squad","4733","1489","Pacific Time (US & Canada)","false","en","4MySquad","#BlacklivesMatter","Tue Oct 27 15:08:31 +0000 2015","544","4008","35"
"4178313619","","Black Eye","4555","1742","Pacific Time (US & Canada)","false","en","BlackEyeBlog","Education and information is our tool and weapon. And we are going to use them.","Mon Nov 09 10:31:30 +0000 2015","469","5155","49"
"4217244274","","Black Voice","8339","1545","Pacific Time (US & Canada)","false","en","Blk_Voice","Black is the new Black!
#BlackLivesMatter","Wed Nov 18 10:26:56 +0000 2015","3","6374","75"
"4271904983","All Over Texas","Heart Of Texas","5391","848","Central Time (US & Canada)","false","en","ItsTimeToSecede","TX patriots united for real action. Secede if Hillary! #2A #NeverHillary #Texit #TexasSecede","Wed Nov 25 07:03:04 +0000 2015","604","5783","34"
"4301962823","Black America","Black News","11518","1370","Pacific Time (US & Canada)","false","en","BlackNewsOutlet","Freedom is never given; it is won. #BlackLivesMatter","Sat Nov 28 01:17:40 +0000 2015","36","6737","130"
"4311371968","","Right and Proud","9297","791","Pacific Time (US & Canada)","false","en","rightnpr","Conservative; Politically incorrect; Christian. Proud American; The only Left we have is Regressive Left","Sat Nov 28 21:53:33 +0000 2015","46","7930","32"
"4355797094","Texas, USA","South Lone Star","22049","2108","Pacific Time (US & Canada)","false","en","SouthLoneStar","Proud TEXAN and AMERICAN patriot #2a #prolife #Trump2016 #TrumpPence16 PC is against Freedom of speech and Islam is against western culture","Wed Nov 25 12:33:28 +0000 2015","216","14785","123"
"4856706634","","Don't Shoot","4683","757","Pacific Time (US & Canada)","false","en","dontshootcom","'Don't Shoot' aims to empower and encourage people to take action in struggle for social justice. Unite and fight against #PoliceBrutality!","Thu Jan 28 09:36:21 +0000 2016","460","4612","41"
"4859142199","","Traynesha Cole 🌐","11756","7118","Pacific Time (US & Canada)","false","en","TrayneshaCole","Love for all my people of Melanin. Your BLACK is BEAUTIFUL!
#MyPussyMyChoice #BlackGirlsMagic #BlackLivesMatter","Thu Feb 04 13:35:05 +0000 2016","2010","9599","133"
"1504356343","USA","Eliana Galloway","1000","1721","Eastern Time (US & Canada)","false","en","GallowayEliana","Slave blood. Melanin. Water. Fire. Honey
#BlackLivesMatter bih","Tue Jun 11 15:38:17 +0000 2013","1882","939","14"
"1512371617","USA","Cateline","1194","1589","Eastern Time (US & Canada)","false","en","CatelineWatkins","","Thu Jun 13 04:06:06 +0000 2013","851","1666","8"
"1527133837","United States","Susan Young","953","1765","Eastern Time (US & Canada)","false","en","SusaYung","I live my own life, #blacktivist","Tue Jun 18 08:08:40 +0000 2013","1773","973","13"
"1534083420","Atlanta, GA","Tara Franko","470","641","Eastern Time (US & Canada)","false","en","taraformation","Love my Human family. I hate injustice.Im ready for the Beast ,no matter what form ,shape,size,nationality,color.","Thu Jun 20 14:46:59 +0000 2013","987","517","2"
"1621376306","USA","Sean Beast","670","1475","Eastern Time (US & Canada)","false","en","BigSeanBeast","everybody wants to be a nigga, but nobody wants to be a nigga.
#BlackLivesAlwaysMatter","Thu Jul 25 21:54:29 +0000 2013","1856","780","8"
"1623062953","USA","Shane Mathews","724","1346","Eastern Time (US & Canada)","false","en","NotBallinYet","A voice of resistance from a person of color living in America |
#BlackToLive!","Fri Jul 26 14:08:30 +0000 2013","1557","686","7"
"1626302035","Bronx, NY","Clayton Paige","838","1328","Eastern Time (US & Canada)","false","en","ClayPaigeBoo","Warrior for the Injustices done to my people.
#BlackLivesMatter","Sat Jul 27 20:47:13 +0000 2013","1143","1265","12"
"1645969141","USA","#I'mWokeAF","612","1717","Eastern Time (US & Canada)","false","en","FightM_D_B","fuck my bitch or fuck your bitch... Ican't make my mind up","Sun Aug 04 19:19:46 +0000 2013","2326","507","10"
"1646999972","USA","Patrick","338","893","Eastern Time (US & Canada)","false","en","hollandpatrickk","Lover of Life and Israel, Jesus and Country music! Conservative Christian! #NRA#2A #Infidel #tcot #InGodWeTrust","Mon Aug 05 05:41:35 +0000 2013","324","429","6"
"1647637538","Houston, TX","Kayden Melton","2780","1672","Eastern Time (US & Canada)","false","en","KaydenMelton","Either you run the day, or the day runs you. –Jim Rohn","Mon Aug 05 11:58:45 +0000 2013","1865","2404","6"
"1649652192","","Charles Wright","704","1328","Eastern Time (US & Canada)","false","en","CharlesRespeck","Official feed of corrupt Police in USA. We are just getting started - expect us. #BlackLivesMatter #ACAB","Tue Aug 06 06:54:16 +0000 2013","1259","647","14"
"1650310652","","Praying for Love","2355","2826","Eastern Time (US & Canada)","false","en","HellieEdwards","","Tue Aug 06 13:08:11 +0000 2013","2513","3117","16"
"1651108392","USA","Wonderwoman","51","33","Eastern Time (US & Canada)","false","en","WonderHann","I'm a wonderwoman and wonderwomen don't cry","Tue Aug 06 20:12:35 +0000 2013","12","45","2"
"1681425248","","","","","","","","MarissaImStrong","","","","",""
"1653393446","Miami, FL","Johnie Vaughan","876","1610","Eastern Time (US & Canada)","false","en","JohnieVOGUE","Hope for the best. Expect the worst. ✊ I'm not afraid of dying, I'm afraid of not trying","Wed Aug 07 16:50:35 +0000 2013","2310","743","5"
"1654347974","USA","May Sullivan","870","1660","Eastern Time (US & Canada)","false","en","maymaymyy","I got a .45 in my Louis bag yeah #ALLBLACKLIVESMATTER","Thu Aug 08 02:09:53 +0000 2013","1712","742","5"
"1654695517","USA","Paul Stewart","795","1417","Eastern Time (US & Canada)","false","en","ImaSwerve","BassLine Junkie | Black Lives Matter Activist | Baller | Nigga with Attitude","Thu Aug 08 05:49:18 +0000 2013","1492","709","9"
"1655288160","Baltimore, MD","Sincere Pruitt","612","1272","Eastern Time (US & Canada)","false","en","SincerePruitt","I'd love to trade weekdays for weekends. ⏰ ⏳ ⌛","Thu Aug 08 12:49:14 +0000 2013","1371","581","9"
"1655815544","USA","Jeannette Whitley","830","1514","Eastern Time (US & Canada)","false","en","JeaNuttella","It's hard to believe all this shit whats going on #BLACKLIVESMATTER","Thu Aug 08 17:11:47 +0000 2013","1328","647","7"
"1657753759","Houston, TX","Jonathan Branch","849","1685","Eastern Time (US & Canada)","false","en","JohnBranchh","Your biggest fear should be the fact I'm Black and my life matters.","Fri Aug 09 13:11:39 +0000 2013","2359","852","7"
"1659753702","","Karen P.","1317","1957","Eastern Time (US & Canada)","false","en","KarenParker93","Dear LORD, please bless & protect our Military, IJN! 

#RenewUS 
#PJNET 
#CCOT 
#TCOT
#WakeUpAmerica","Sat Aug 10 10:20:15 +0000 2013","1280","862","17"
"1660183028","Oklahoma, PA","Theresa Elmore","2823","1738","Eastern Time (US & Canada)","false","en","TessyElmore","18. the struggle is real, but so is God♡. /musicholic/#BlackLivesMatter","Sat Aug 10 13:54:53 +0000 2013","2103","2207","9"
"1660186831","USA","Adrian Greer","717","1400","Eastern Time (US & Canada)","false","en","AdrGreerr","The most difficult thing is the decision to act, the rest is merely tenacity.","Sat Aug 10 13:46:52 +0000 2013","1378","1214","9"
"1660804459","United States","Damani Miles","815","1353","Eastern Time (US & Canada)","false","en","DamaniMiles","Unfadeable so please don't try to fade me |
Blacktivist | 
#StayWoke, Monica","Sat Aug 10 19:14:29 +0000 2013","1138","682","9"
"1662779209","USA","Rachael Holbrook","1799","1988","Eastern Time (US & Canada)","false","en","RH0lbr00k","ALL LIVES MATTER I'm a True Conservative Christian Patriot. I love God, I Love my Country. #pjnet #tcot #GodBlessAmerica","Sun Aug 11 14:58:35 +0000 2013","1850","1970","15"
"1663583694","Chicago, IL","Malik Chandler","810","1507","Eastern Time (US & Canada)","false","en","FinnaGlo","The worst fool is an educated one…","Sun Aug 11 22:42:28 +0000 2013","1514","911","7"
"1668314575","Atlanta, GA","Johnie Cooks","674","1499","Eastern Time (US & Canada)","false","en","JohnieBoyCooks","warm as the sun, dipped in black. full time protagonist, womanist, & revolutionary | STRENGTH, COURAGE, & WISDOM.","Tue Aug 13 16:58:18 +0000 2013","1786","647","4"
"1670762347","Arizona, USA","Adam Chapman","835","1282","Eastern Time (US & Canada)","false","en","AdamChapmanJR","Womanist/ #allblacklivesmatter/ Don't be a dick, it's not that difficult /Anthropology major at the University of Arizona","Wed Aug 14 15:08:24 +0000 2013","1081","728","5"
"1675280893","Atlanta, GA","Brian Carter","880","1244","Eastern Time (US & Canada)","false","en","BrianTheLifter","If you don't stand for anything, you will fall for everything #blacklivesmatter","Fri Aug 16 09:09:28 +0000 2013","1362","698","7"
"1678552327","","Angel Underwood","782","1761","Eastern Time (US & Canada)","false","en","WokeFromDay1","I will not drown in the rising tide of conformity. I will not let authority ignore me. #staywoke ☯","Sat Aug 17 15:39:32 +0000 2013","1900","829","15"
"1680366068","Ferguson, MO","Willis Bonner","571","1356","Eastern Time (US & Canada)","false","en","WillisBonnerr","You miss 100% of the shots you don’t take","Sun Aug 18 10:05:28 +0000 2013","1365","470","7"
"1683608846","USA","Jeremy Cooley","596","1249","Eastern Time (US & Canada)","false","en","JerStoner","If I rude, I rude. Author of All In Love Is Fair","Mon Aug 19 16:03:35 +0000 2013","1212","464","6"
"1685229229","USA","Nehemiah Ingram","691","1137","Eastern Time (US & Canada)","false","en","NehemiahX","sometimes i feel like Malcolm X before prison.. sometimes i feel like Malcom X after Mecca..
#black #blackpride","Tue Aug 20 08:07:47 +0000 2013","1036","642","12"
"1688003786","USA","Arielle Goodwin","909","1614","Eastern Time (US & Canada)","false","en","QueennArielle","If you want your children to turn out well, spend twice as much time with them, and half as much money.","Wed Aug 21 10:45:28 +0000 2013","1581","941","6"
"1691000604","Chicago, IL","Robert Thompson","591","1141","Eastern Time (US & Canada)","false","en","RobertEbonyKing","Gamer blerd4life, introvert #GodsMiracleChild #blacklivesmatter. searching for my ebony queen. get to know me I won't be quiet I promise","Thu Aug 22 13:11:59 +0000 2013","1074","478","2"
"1695671640","","John Martin","668","1431","Eastern Time (US & Canada)","false","en","JohnnyMarch_","I proud of myself. Imma black","Sat Aug 24 06:17:31 +0000 2013","1482","765","4"
"1696996141","NH","Ken","774","1264","Eastern Time (US & Canada)","false","en","KenCannone","live your life to the fulles","Sat Aug 24 17:04:03 +0000 2013","290","580","9"
"1706657124","US","Janel P.","942","1570","Eastern Time (US & Canada)","false","en","janelperkinson","Mom. Grad Student. Agnostic Atheist. Nerd. I tweet about race, politics, technology, science, etc. #BlackLiberationMovement","Wed Aug 28 08:13:13 +0000 2013","1678","1119","5"
"1709314117","Missouri, USA","Matthew Caldwell","897","1498","Eastern Time (US & Canada)","false","en","aantiracist","Reparations will address society's racism. Let's do more than talk about it, it's time to unite & act on this. Make Black America Great!","Thu Aug 29 06:17:21 +0000 2013","1785","735","9"
"1711063908","USA","cookie monster","678","1587","Eastern Time (US & Canada)","false","en","cookiiieeessss","I eat that cookie like a monster","Thu Aug 29 22:03:28 +0000 2013","1610","779","8"
"1850866398","USA","Brice Geller","711","1386","Eastern Time (US & Canada)","false","en","BriceGeller","Only the strong survives! Be brave!
#StayWoke","Tue Sep 10 09:05:55 +0000 2013","1408","661","7"
"1863956756","USA","Cory Hale","674","1153","Eastern Time (US & Canada)","false","en","CoryNaeNae","YOUR LEADERS ARE WEAK. WE WILL CRUSH THEM. #BlackLivesMatter #PipeItUp","Sat Sep 14 14:11:28 +0000 2013","1004","520","5"
"1868810166","USA","Khalil Sneed","555","1281","Eastern Time (US & Canada)","false","en","BigBoySneed","Because Pro-Intellect would have been too cliche. FAMU Graduate.","Sun Sep 15 19:03:59 +0000 2013","908","512","6"
"1873206768","","Brent Mcclure","646","1425","Eastern Time (US & Canada)","false","en","BrentMcclure275","In bad luck, hold out; in good luck, hold in. Slow and steady wins the race and the road to a friends house is never long. #teamblack #antiracist","Mon Sep 16 22:32:27 +0000 2013","1547","1008","6"
"1877492857","USA","Christian Ward","1404","15943","Eastern Time (US & Canada)","false","en","ChesPlaysChess","God Bless America! #Christian, #American, #Patriot, #TeaParty, #TGDN, #TCOT, #NRA, #LNYHBT, #PJNET","Wed Sep 18 00:47:26 +0000 2013","13474","1736","56"
"1882324014","United States","Patricia Cooper","1262","1898","Eastern Time (US & Canada)","false","en","Pati_Cooper","Just because I am white - I am not racist. Sick of fake racism & being walked on. Conservative - Take America back. RIGHT VS WRONG - learn it!","Thu Sep 19 08:08:12 +0000 2013","1441","1532","30"
"2351739462","Россия, Москва","Холодная Война 2.0","44470","32426","Volgograd","false","ru","coldwar20_ru","Единственный аккаунт, проплаченный Кремлём.","Wed Feb 19 14:06:09 +0000 2014","232","5300","388"
"2491401030","United States","Clifton Hughes","866","1236","Eastern Time (US & Canada)","false","en","CliftonHughes_","Black people will change the world","Mon May 12 12:53:07 +0000 2014","1474","975","8"
"2496599688","Atlanta","Rita Hart","1619","2224","Eastern Time (US & Canada)","false","en","NotRitaHart","Lost in the moment","Thu May 15 15:46:10 +0000 2014","1657","2802","21"
"2497991305","USA","Austin","33","103","Eastern Time (US & Canada)","false","en","AustinLovesBeer","Show me the meaning of being lonely","Fri May 16 07:38:06 +0000 2014","1","41","4"
"2530830345","New Orleans, LA","New Orleans Online","27745","44882","Central Time (US & Canada)","false","en","NewOrleansON","Breaking news, weather, traffic and more for New Orleans and Louisiana. DM us anytime. RTs not endorsements","Mon May 05 11:33:03 +0000 2014","33","11333","157"
"2533221819","USA","Kate Stafford","2187","1752","Volgograd","false","en","LazyKStafford","I'M AN AMERICAN LOVING PATRIOT-MARRIED TO A VIETNAM VET-CHRISTIAN & DEDICATED TO SAVING R FREEDOM!","Tue May 06 17:01:42 +0000 2014","1509","1818","30"
"2534421182","Atlanta","Abigail Silk","858","1592","Eastern Time (US & Canada)","false","en","abigailssilk","","Fri May 30 07:14:05 +0000 2014","846","629","13"
"2537507303","El Paso, Texas","El Paso Top News","14648","8050","Central Time (US & Canada)","false","en","ElPasoTopNews","El Paso top news and stories, powered 24/7","Fri May 09 18:10:19 +0000 2014","2","5033","34"
"2573225349","US","Dominic Valentine","2569","2775","Eastern Time (US & Canada)","false","en","DominicValent","Try to be a rainbow in someone's cloud","Sat May 31 03:02:31 +0000 2014","2445","3072","22"
"2577082467","Cincinnati, OH","Cincinnati Today","16483","15189","Central Time (US & Canada)","false","en","TodayCincinnati","Cincinnati's local news on Twitter. Breaking news, sports, events and international news. Tweet us or DM","Mon Jun 02 09:58:20 +0000 2014","1","9184","141"
"2580516159","USA","James Cox","1302","1652","Eastern Time (US & Canada)","false","en","JmsCoxxx","After all is said and done, a lot more will have been said than done","Tue Jun 03 14:28:36 +0000 2014","506","2407","6"
"2591847731","Boston, USA","Boston Today","15376","15425","Eastern Time (US & Canada)","false","en","TodayBostonMA","Boston's local news on Twitter. Breaking news, sports, events  and international news. Tweet us or DM","Sun Jun 08 11:20:43 +0000 2014","3","8840","153"
"2598367019","USA","Rick Irwin","2033","2309","Eastern Time (US & Canada)","false","en","DickyIrwin","Well done is better than well said","Tue Jun 10 17:33:37 +0000 2014","2056","3105","34"
"2611151319","Seattle, WA","Seattle Post","17222","27013","Central Time (US & Canada)","false","en","Seattle_Post","Be the first to know Seattle's local news. Politics, sport, entertainment, business, features and more that you need to know and share","Sun Jun 15 11:14:44 +0000 2014","17","5254","201"
"2628066159","Houston, TX","Houston Top News","16678","20564","Central Time (US & Canada)","false","en","HoustonTopNews","Houston top news and stories, powered 24/7","Sat Jun 21 09:32:57 +0000 2014","14","9562","115"
"2630842499","San Diego, CA","San Diego Daily","15702","18733","Pacific Time (US & Canada)","false","en","DailySanDiego","Follow for San Diego's breaking news, special reports, entertainment and more from @DailySanDiego","Sun Jun 22 08:43:22 +0000 2014","2","5435","219"
"2675966513","Dallas, Texas","Dallas Top News","18843","19714","Central Time (US & Canada)","false","en","DallasTopNews","Dallas top news and stories, powered 24/7","Sat Jul 05 13:33:55 +0000 2014","6","7664","151"
"2944766250","Atlanta, GA","Atlanta Online","17346","12995","Eastern Time (US & Canada)","false","en","Atlanta_Online","Breaking news, weather, traffic and more for Atlanta and Georgia. DM us anytime. RTs not endorsements","Sat Dec 27 08:26:11 +0000 2014","7","9424","140"
"2944944427","Miami, FL","Miami Today","18832","8218","Eastern Time (US & Canada)","false","en","TodayMiami","Miami's local news on Twitter. Breaking news, sports, events  and international news. Tweet us or DM","Sat Dec 27 10:32:25 +0000 2014","3","9705","117"
"3070151882","Brussel, België","Tatiana Maksimova","609","6946","Volgograd","false","ru","enTatjanaMax","I'm scandinavian traveller and blogger.Also I write about politics EU.","Mon Mar 09 18:17:01 +0000 2015","14349","2326","50"
"3074013672","Oakland, CA","Oakland Online","12147","14867","Pacific Time (US & Canada)","false","en","OaklandOnline","Breaking news, weather, traffic and more for Oakland. DM us anytime. RTs not endorsements","Wed Mar 11 22:07:13 +0000 2015","0","10232","183"
"3081110164","Jackson, MS","Jackson City Post","2643","6308","Eastern Time (US & Canada)","false","en","JacksonCityPost","#CityOfJackson #Jackson #USA #America #US","Mon Mar 09 06:35:04 +0000 2015","0","2074","56"
"3092302720","New York, NY","Kelvin Sok","0","165","Eastern Time (US & Canada)","false","en","kelvsok","I like to go to parties and talk about memes","Mon Mar 16 02:23:12 +0000 2015","8","1","0"
"3098232473","New York, NY","Nataly Turner","6","173","Eastern Time (US & Canada)","false","en","nataturn","","Fri Mar 20 02:37:16 +0000 2015","1","15","1"
"3824403809","","Вестник Дамаска","20247","8500","Volgograd","false","ru","NovostiDamask","","Wed Sep 30 13:21:07 +0000 2015","3","2784","237"
"3969530725","Texas, USA","Being Patriotic","11811","1706","Eastern Time (US & Canada)","false","en","patriototus","Being patriotic means love or devotion to your homeland and readiness to defend it from any harm. United we stand, divided we fall.Conservative politics. #PJNet","Wed Oct 21 13:27:31 +0000 2015","2011","9265","58"
"4103087435","","Patriot Archive","7669","609","Pacific Time (US & Canada)","false","en","Patriot_Archive","American history in quotes & videos. Mostly politics.","Tue Nov 03 07:44:50 +0000 2015","269","7109","35"
"4208754922","","People For Justice!","5550","1407","Pacific Time (US & Canada)","false","en","MissouriNewsUS","#NeverHillary","Tue Nov 17 09:29:58 +0000 2015","143","5377","84"
"4209684039","","Luke Jones","2960","286","Pacific Time (US & Canada)","false","en","Luke_Jones13","A silent American patriot who was awoken by Donald Trump’s call to Make America Great Again.","Tue Nov 17 12:39:45 +0000 2015","15","1693","12"
"4224912857","","","","","","","","RealTEN_GOP","","","","",""
"737420000043139072","","","","","","","","March_for_Trump","","","","",""
"4233777387","New Jersey, USA","New Jersey Black","2820","451","Pacific Time (US & Canada)","false","en","nj_blacknews","Latest and most important news about New Jersey black community","Fri Nov 20 10:38:26 +0000 2015","40","1890","44"
"4289431230","Lafayette, LA","Red Louisiana News","9767","1530","Pacific Time (US & Canada)","false","en","redlanews","Conservative; Right and proud; Christian. Love my country and will stand against liberals and socialists.","Thu Nov 19 11:53:45 +0000 2015","360","8729","48"
"4289925109","","Telah Blac","2458","1179","Pacific Time (US & Canada)","false","en","blacneighbor","","Thu Nov 19 12:39:39 +0000 2015","74","2176","40"
"4299815909","","Jeblary Bushton","8462","1176","Pacific Time (US & Canada)","false","en","Jeblary2016","2016 US presidential candidate","Fri Nov 27 20:33:47 +0000 2015","0","6347","115"
"4795201707","","American Muslims","2471","649","Pacific Time (US & Canada)","false","en","MUSLIMS_IN_USA","","Wed Jan 13 15:18:18 +0000 2016","107","1787","11"
"2438338479","","ОнлиВан","112","1205","Baku","false","ru","OooonlyOne","","Wed Mar 26 18:11:00 +0000 2014","721","150","2"
"2498181012","Москва","Остров","241","1616","Moscow","false","ru","OstrovOfficer","Я смешной (всегда смеюсь над своими шутками)","Fri May 16 09:48:18 +0000 2014","2929","310","3"
"2516933027","Saint Petersburg, Russia","Данила Маслов","149","376","Baku","false","ru","DannyMaslov","Люблю хоккей, слежу за политикой #hcSKA","Tue Apr 29 14:37:32 +0000 2014","313","643","1"
"2528799640","","newtime","152","828","Volgograd","false","ru","gffgfsfgfsdffjj","","Sun May 04 18:24:06 +0000 2014","1844","249","8"
"2536836075","","Фрида","95","1703","Volgograd","false","ru","OH_Frida","Нет ничего дороже смеха, с его помощью можно оторваться от себя, стать невесомой.","Fri May 09 10:29:55 +0000 2014","3057","120","1"
"2544279414","","Stuart O'Shaughnessy","79","1914","","false","en","Shocko_10","","Tue Jun 03 21:00:25 +0000 2014","422","216","3"
"2567949836","","Хоррор","84","1778","Volgograd","false","ru","HorrorKi","Обещания дают, чтобы нарушать, чтобы
разрушать, разбивать вдребезги, на мелкие
кусочки, дробить","Sat Jun 14 23:33:22 +0000 2014","2096","343","1"
"2578327831","","Микки Улыбается","76","1433","Moscow","false","ru","MikkyRurk","HA HA HA HA HA HA HA HA","Fri Jun 20 08:34:22 +0000 2014","2655","34","3"
"2578879620","","Том Рони","76","1463","Volgograd","false","ru","Zistti","Хочется выпить.","Fri Jun 20 16:02:54 +0000 2014","2178","323","1"
"2579089021","Мурманск","Люсик Винкова","2347","636","Moscow","false","ru","LysikVinkova","активистка","Fri Jun 20 18:20:57 +0000 2014","720","49","0"
"2582643409","Ватноград","Аркадий Трофимов","2096","1549","Volgograd","false","ru","arkadii_trofim","Может жизнь в России и не легка, но я люблю эту страну...","Sun Jun 22 18:10:21 +0000 2014","1089","261","4"
"2586251828","Москва","Лила Горила","85","1884","Volgograd","false","ru","Lila_Gorila","Я же росла нормальным ребенком, дальше чё случилось-то?","Tue Jun 24 19:44:26 +0000 2014","2634","251","0"
"2808833544","","Максим Дементьев","98412","30624","Yerevan","false","ru","MaxDementiev","Мне не всё равно","Sun Sep 14 06:20:01 +0000 2014","3619","94","166"
"2992047969","Санкт-Петербург","Ять тв","289","378","","false","ru","YatTVRussia","Группа самоотверженных и весьма независимых аниматоров.","Thu Jan 22 13:49:05 +0000 2015","496","502","5"
"38875764","St-Petersburg","Olga","14","219","St. Petersburg","false","ru","Leecory","here i am~","Sat May 09 15:58:34 +0000 2009","0","6","0"
"2519634855","Омск","Максим Благинин","4749","223","Moscow","false","ru","MaksBlaginin","Мила нам добра весть о нашей стороне
Отечества и дым нам сладок.","Wed Apr 30 19:27:41 +0000 2014","65","84","1"
"2525622731","","тебе пиздец","6360","1325","Eastern Time (US & Canada)","false","ru","TebePizdec","это полный пиздец/18+/уёбывай","Sat May 03 14:55:01 +0000 2014","292","1265","12"
"2532553697","Москва, Россия","Борис Красильников","329","287","Volgograd","false","ru","KrasilnikovBor","Михаил Лермонтов со шведскими корнями и Александр Пушкин с африканскими корнями были более русскими, чем многие чистокровки","Tue May 06 08:28:57 +0000 2014","167","264","15"
"2537243471","","Bantta","94","119","Moscow","false","ru","BanttaNantta","Я уеду жить в свитер,
И возьму с собой бутер","Fri May 09 15:34:38 +0000 2014","175","278","0"
"2542876557","Москва","Илья Рогов","2305","208","Volgograd","false","ru","RogovIlia","Справедливость доблесть избранных натур, правдивость долг каждого порядочного человека","Mon May 12 12:09:09 +0000 2014","31","52","0"
"2579368386","Красти Бургер ","Красти Псих","186","63","Volgograd","false","ru","KrustyPs","","Fri Jun 20 23:02:55 +0000 2014","73","323","0"
"3608261007","","PoliceState","1468","611","Pacific Time (US & Canada)","false","en","PoliceStateMe","","Thu Sep 10 10:48:51 +0000 2015","58","2092","10"
"3900319276","","أخبار عاجلة من سوريا","2933","10983","Muscat","false","en","MidEastView","#اخبار عاجلة ومهمة حول الحرب والسلم في #سوريا","Thu Oct 08 14:34:01 +0000 2015","4","1655","3"
"87588938","","Одинокий Джордж","1267","61735","Moscow","false","ru","anzgri","Никто.","Thu Nov 05 01:44:48 +0000 2009","75","36","111"
"1497280638","","Lindsey Rodriguez","785","1189","Eastern Time (US & Canada)","false","en","LynsRodriguez","Amateur travel fanatic","Mon Jun 10 04:06:20 +0000 2013","629","1015","14"
"1625965398","portland","Meggie O'Neil","955","1594","Eastern Time (US & Canada)","false","en","MeggieONeil","love yourself or no one will love you","Sat Jul 27 17:56:57 +0000 2013","1572","2020","13"
"1701582961","Brooklyn, NY","Edmund Ragland","536","1087","Eastern Time (US & Canada)","false","en","EdmundRJr","EAT,SLEEP,BLEED MUSIC. BROOKLYN BRED, HOME FED. TALK SHIT AT YOUR OWN RISK!! WELCOME TO THE DANGER ZONE.","Mon Aug 26 10:32:18 +0000 2013","863","588","5"
"2431598206","Москва","Маргарита Бероева","285","6109","Nairobi","false","ru","margoberoeva","пишу учебник по истории моды","Sun Mar 23 18:39:44 +0000 2014","846","251","4"
"2537357265","LA","Donna Miller","1363","2094","Eastern Time (US & Canada)","false","en","DonnieLMiller","stars are mine","Fri May 09 16:45:06 +0000 2014","1239","2565","20"
"2541109454","United States","Gloris Glaze","74","14","Eastern Time (US & Canada)","false","en","heyitsglor","What's up?","Mon Jun 02 09:33:38 +0000 2014","14","206","0"
"2570574680","Россия ","РИА ФАН","11370","57212","Minsk","false","ru","riafanru","ВКонтакте: https://vk.com/riafan
Facebook: https://www.facebook.com/riafanru
Одноклассники: http://ok.ru/fannews","Mon Jun 16 09:08:53 +0000 2014","0","2908","80"
"2589513234","Москва","Николай Зубов","26002","19641","Volgograd","false","ru","zubovnik","Журналист и блогер","Thu Jun 26 12:46:20 +0000 2014","410","657","155"
"2912754262","United States","Pigeon Today","29524","15665","Eastern Time (US & Canada)","false","en","PigeonToday","America’s Weakest Primetime Lineup Anywhere! Follow Merica's #1 cable news network, delivering you breaking news, insightful analysis, and must-see memes.","Tue Dec 09 13:45:21 +0000 2014","1344","21248","240"
"3308949087","","Malcolm","19","119","","false","en","mbrownhere","","Fri Jun 05 06:17:08 +0000 2015","154","237","1"
"3989295372","","Instotus","4516","581","Pacific Time (US & Canada)","false","en","instotus","This is a community for everyone whose heart is with America. Don't be a stranger, be a patriot! Follow us!","Fri Oct 23 08:37:36 +0000 2015","613","4741","23"
"4444330996","Cosmopolitanism","Global Enemy","1294","493","Pacific Time (US & Canada)","false","en","GlobalFoe","Designed at unveiling roots of failed attempts to solve global problems #SeeGlobalFoe","Fri Dec 11 03:30:25 +0000 2015","198","2797","28"
"733273388836347904","Hessen, Deutschland","Chris Port","3178","741","Berlin","false","de","chrisuport_port","Tierarzt;Mag CauntryMusic und Basketball; Politikaktiv, Hashtag-Spieler. Hat 2 Tochter und 3 Enkel","Thu May 19 12:29:34 +0000 2016","3005","3866","29"
"752965259506380800","","Darrell Hunt","1","1","","false","en","Darrell_H_Hunt","","Tue Jul 12 20:38:02 +0000 2016","0","46","0"
"753214907823382528","","Margareth Kurz","6","250","Bern","false","de","MargarethKurz","","Wed Jul 13 13:10:02 +0000 2016","21","136","2"
"750367533660774406","","Andreas Stern","17","253","Madrid","false","de","sternandreas404","","Tue Jul 05 16:35:35 +0000 2016","28","149","2"
"731123255457816577","Washington, DC","Карточный Домик","9426","385","Moscow","false","ru","WhiteHouseCards","«Я всегда считал, что власть важнее денег, но когда доходит до выборов, именно деньги обеспечивают власть»","Fri May 13 14:05:42 +0000 2016","0","3047","10"
"2429465939","","Арсений или Роман","72","1281","Moscow","false","ru","Arseni_Roman","У меня черный пояс по сарказму.","Sat Mar 22 19:35:29 +0000 2014","3234","241","4"
"2482076083","","Сестра Джуд Мартин","90","1131","Moscow","false","ru","Bratuha_Borcuha","","Wed May 07 12:57:38 +0000 2014","2048","226","1"
"735790317048344576","","Брови Брежнева","14353","1035","Moscow","false","ru","bydrbre_","секси-генсекси.  #бровибрежнева снова в деле.       МЫ ВЕРНУЛИСЬ!
Брови Вконтакте - http://vk.com/bydrbre","Thu May 26 11:10:56 +0000 2016","96","6565","19"
"723434980177633280","","Erdollum","5811","2556","Berlin","false","de","erdollum","Keiner kann uns verbieten, uns so zu äußern, wie wir es wollen! Wir sind für die Meinungsfreiheit!","Fri Apr 22 08:55:14 +0000 2016","2986","4845","45"
"2588336851","Москва","спектор","129","950","Volgograd","false","ru","inspectAn","Бывал на других планетах","Wed Jun 25 22:18:20 +0000 2014","1590","211","4"
"747344250895884290","the corner of happy & healthy","Markiya","92","3871","","false","en","internalmemer","sour. salty. bitter.","Mon Jun 27 08:22:09 +0000 2016","17113","74","3"
"2516294981","","Psycho","115","646","Moscow","false","ru","krivelev_law","Если смех продлевает жизнь, то я бессмертный","Tue Apr 29 06:33:00 +0000 2014","1214","371","3"
"2563075183","","Твоя Харли","88","1321","Volgograd","false","ru","med_Harley","","Thu Jun 12 09:21:46 +0000 2014","1461","518","0"
"2577151334","","Миллениум","88","1807","Volgograd","false","ru","MiliMillennium","План действий на сегодня:
1. Проебать день
2. Лечь спать","Thu Jun 19 16:41:05 +0000 2014","2450","108","0"
"2519246716","","Кортон","98","1564","Moscow","false","ru","MrServelat","Редкий покемон","Wed Apr 30 15:34:20 +0000 2014","2491","240","0"
"2525491683","Москва","Лама Нана","140","1727","Volgograd","false","ru","nana_lama","Ты меня хотя бы набери, а лучше забери.","Sat May 03 13:40:08 +0000 2014","2698","430","2"
"2534367226","","ПолитОпрос","19678","653","Moscow","false","ru","PolitOpros","Общероссийская репрезентативная выборка для соцопросов составляет 1600 человек","Wed May 07 20:12:29 +0000 2014","13","3695","48"
"2575626468","Омск","Шикарный","87","1288","Volgograd","false","ru","ShikarnoeL","только те люди, которые мне нравятся, могут трогать мои волосы","Wed Jun 18 23:01:57 +0000 2014","1790","349","2"
"2504601561","СПб","Котик&Енотик","120","2040","Moscow","false","ru","TtlenLen","","Wed Apr 23 18:33:49 +0000 2014","2678","115","0"
"789266125485998080","Estados Unidos","WorldNewsPolitics","1957","638","","false","es","WorldnewsPoli","All major information policy in the world, we are ready to give you the most accurate and timely information in the field of politics and economics","Fri Oct 21 00:44:43 +0000 2016","0","4755","4"
"748870305280647168","","19:37","4476","33","","false","ru","4ever1937","Утром кормили: хлеб, кипяток. Мне еще хлеба не полагалось","Fri Jul 01 13:26:09 +0000 2016","21","380","0"
"750675374619627520","","Andreas Eulitz","9","98","London","false","de","AndreasEulitz","","Wed Jul 06 12:58:51 +0000 2016","46","95","1"
"752824695452491780","","Angela Lattke","14","231","Bern","false","de","angela_lattke","#USA and #Deutdchland - friends 4rever! #TTIP","Tue Jul 12 11:19:29 +0000 2016","59","90","1"
"714720908821327872","Berlin, Deutschland","Nils Berkhoff","1753","1041","Berlin","false","de","berkhoff85","Ich  interessiere mich für #Politik, #SPD, #Wirtschaft und Internationale Beziehungen. In der Freizeit spiele ich Fußball und bin mit meiner Familie gern.","Tue Mar 29 07:48:38 +0000 2016","816","3179","30"
"725305686989656064","","Berlin Bote","8","6804","Bern","false","de","BerlinBote","","Wed Apr 27 12:48:46 +0000 2016","0","0","7"
"719275152987594752","","Blacktivist","2404","710","Pacific Time (US & Canada)","false","en","Blacktivists","Non-Governmental Organization (NGO)","Sun Apr 10 21:25:34 +0000 2016","21","1424","36"
"2401770593","Moscow, Russia","Валерий Бреусов","91","1078","Baku","false","en","briys_valera","Любите душу, а не то, что снаружи.","Tue Mar 11 09:47:20 +0000 2014","498","53","0"
"759825020210253825","United States","Chaotic Neutral","1","16","","false","en","ChaNeutral","What makes a man turn neutral... Lust for gold? Power? Or were you just born with a heart full of neutrality?","Sun Jul 31 18:56:16 +0000 2016","0","55","0"
"752863577770455040","","Maria Fischer","17","217","Berlin","false","de","fischermaria933","","Tue Jul 12 13:53:59 +0000 2016","135","75","1"
"756553776291540992","","GEO Review","37","16","Pacific Time (US & Canada)","false","en","GeoreviewEurope","","Fri Jul 22 18:17:31 +0000 2016","3","281","0"
"2588788573","Москва","Лана Дель Роджер","98","999","Moscow","false","ru","gorelkinnn","любитель всяких глупостей","Thu Jun 26 03:43:22 +0000 2014","2029","340","1"
"703670485859614720","","InstVets","2618","184","","false","en","inst_vets","","Sat Feb 27 19:58:12 +0000 2016","3","4244","13"
"719281218965999616","Islamic States of America","Jihadist Wife","5081","1071","Pacific Time (US & Canada)","false","en","Jihadist2ndWife","Wife of an ISIS terrorist. Enjoying submission to my husband and absence of women rights.   THIS IS SATIRICAL ACCOUNT NOT CONNECTED WITH ISIS!","Sun Apr 10 21:49:41 +0000 2016","1036","3797","51"
"2589592793","","Джонни Морган","67","738","Volgograd","false","ru","Jorda_Morgan","У людей период сейчас такой...
Либо Есенин.
Либо Каспийский.","Sat Jun 07 15:13:07 +0000 2014","1371","104","0"
"752973172438212609","","LGBT United","338","453","","false","en","LGBTuni","We speak for all fellow members of LGBT community across the nation.
Gender preference does not define you. Your spirit defines you.","Tue Jul 12 21:09:28 +0000 2016","0","262","3"
"535690498","","LinaLuna","785","9394","Volgograd","false","ru","Lmarinays","НЛО","Sat Mar 24 20:41:43 +0000 2012","627","202","3"
"716919079597182976","","Lukas Rösler","1217","1212","Berlin","false","de","lukas_rosler","","Mon Apr 04 09:23:23 +0000 2016","1270","3067","14"
"3906961827","Paris","Maxime Garon","82","1024","Paris","false","fr","maximgaron1","Né à #Paris, je m'interesse des affaires étrangères. Tu peux trouver ici les #nouvelles récentes, n'hésitez pas à partager vos pensées. #Syrie","Fri Oct 09 07:46:20 +0000 2015","31","522","1"
"763665363154399232","","darya medovaya","3263","248","Pacific Time (US & Canada)","false","ru","mmmdarya","","Thu Aug 11 09:16:25 +0000 2016","249","380","0"
"2533095573","","Барин-Модник","74","862","Volgograd","false","ru","Moda_Barina","Стильно, модно, молодежно","Tue May 06 15:30:14 +0000 2014","1594","52","0"
"718340894529822720","","Matthias Berger","980","1135","Berlin","false","de","mtthsberger","Fauler Student, ich studiere Wirtschaftsinformatik, spiele in der Freizeit  Tennis und spaziere mit meinen Freunden gern","Fri Apr 08 07:33:10 +0000 2016","2113","2966","23"
"2545365862","","ОбниМаша","244","1291","Volgograd","false","ru","mwiqcen","я не люблю обнимашки, не тискай меня!","Tue May 13 16:22:47 +0000 2014","2461","257","3"
"748464969008680963","United States","$10 challenge","30","4","Pacific Time (US & Canada)","false","en","PeeOnHillary","Print Hillary's face  Pee on it  Send us proofs  Earn money 

https://imgur.com/a/3p8EO","Thu Jun 30 10:35:29 +0000 2016","0","1510","0"
"750345924061368321","","Peter Kistner","52","248","Berlin","false","de","PeterKistner","","Tue Jul 05 15:09:43 +0000 2016","32","632","2"
"762948178178150400","","Русские в Америке","5","13","","false","ru","RUS_IN_USA","","Tue Aug 09 09:46:35 +0000 2016","0","18","2"
"752791693381033984","","Ingrid Schulte","10","244","Berlin","false","de","schultei2","Ich glaube an Gerechtigkeit seit dem 22. November 2005","Tue Jul 12 09:08:21 +0000 2016","71","100","2"
"752859805937766400","","Katharina Sonder","26","393","Berlin","false","de","SonderKatharina","Ich studiere BWL und mag reisen!","Tue Jul 12 13:39:00 +0000 2016","108","210","1"
"752881760510287872","","Tina Kurtz","7","134","Bern","false","de","TinaTkurtz1222","","Tue Jul 12 15:06:14 +0000 2016","77","55","0"
"749990330267758593","st/petersburg","timofey tsvetkov","3216","2271","","false","en","TTsvetkov","упакуй луну","Mon Jul 04 15:36:43 +0000 2016","2812","405","0"
"703291385861033984","","Williams&Kalvin","740","326","","false","en","Williams8kalvin","Videoblog about social issues. Subscribe to our YouTube channel!","Fri Feb 26 18:51:47 +0000 2016","32","599","9"
"703303258476036096","","Diana Williams","1973","170","Pacific Time (US & Canada)","false","en","Williams_Diana_","American. Conservative. Woman.","Fri Feb 26 19:38:58 +0000 2016","0","4468","10"
"752849847124946944","","Joachim Buchwitz","1","5","Berlin","false","de","JoachimBuchwitz","","Tue Jul 12 12:59:25 +0000 2016","13","50","0"
"750656345926410240","","Klara Sauber","25","11","Bern","false","de","klara_sauber","","Wed Jul 06 11:43:14 +0000 2016","12","192","0"
"749931338573250560","","Maria Neuberg","8","15","Bern","false","de","MariaNeuberg1","","Mon Jul 04 11:42:19 +0000 2016","11","100","0"
"","","","","","","","","andrebeauleger","","","","",""
"","","","","","","","","angelabach991","","","","",""
"","","","","","","","","AnthonyWoodboy","","","","",""
"","","","","","","","","_Billy_Moyer_","","","","",""
"","","","","","","","","c__wells","","","","",""
"","","","","","","","","christinapool61","","","","",""
"","","","","","","","","evewebster373","","","","",""
"","","","","","","","","fishalexanderr","","","","",""
"","","","","","","","","Jamie_Mccarthy_","","","","",""
"","","","","","","","","KarolineAuge","","","","",""
"","","","","","","","","LilyLilyhasse","","","","",""
"","","","","","","","","Logan_WhatsUp","","","","",""
"","","","","","","","","manuelkrosss","","","","",""
"","","","","","","","","MicParrish","","","","",""
"","","","","","","","","NinonDerrien","","","","",""
"","","","","","","","","sylvielefevrier","","","","",""
"","","","","","","","","verrellportier","","","","",""
"","","","","","","","","LelandGraves_","","","","",""
"","","","","","","","","GlennHarper_","","","","",""
"","","","","","","","","TodayCleveland","","","","",""
"","","","","","","","","iris0_o","","","","",""
"","","","","","","","","ClydeDaws0n","","","","",""
"","","","","","","","","Joseph_Jenks","","","","",""
"","","","","","","","","Erdollum666","","","","",""
"","","","","","","","","EricaRutter","","","","",""
"","","","","","","","","riogithief","","","","",""
"","","","","","","","","JaedenMassey","","","","",""
"","","","","","","","","IanCalh0un","","","","",""
"","","","","","","","","MilwaukeeVoice","","","","",""
"","","","","","","","","portmela","","","","",""
"","","","","","","","","BeverlyBalsom","","","","",""
"","","","","","","","","ssus_panther","","","","",""
"","","","","","","","","ChristinaCrisss","","","","",""
"","","","","","","","","JsnCarey","","","","",""
"","","","","","","","","ColbyST1","","","","",""
"","","","","","","","","AlbertMoreNMore","","","","",""
"","","","","","","","","Roscoe_Riddle","","","","",""
"","","","","","","","","Israel_Wills","","","","",""
"","","","","","","","","OrrClay","","","","",""
"","","","","","","","","agnesgrhm","","","","",""
"","","","","","","","","RyannCooperwood","","","","",""
"","","","","","","","","Gibbs_Jeremy_","","","","",""
"","","","","","","","","GraceLilStar","","","","",""
"","","","","","","","","wildharee","","","","",""
"","","","","","","","","handsome_henson","","","","",""
"","","","","","","","","Danny_Turner_1","","","","",""
"","","","","","","","","jrrbrtt","","","","",""
"","","","","","","","","Jon_Underwood_","","","","",""
"","","","","","","","","EdmundC0oke","","","","",""
"","","","","","","","","SindyBlossom","","","","",""
"","","","","","","","","sto_christi","","","","",""
"","","","","","","","","YaelTrouble","","","","",""
"","","","","","","","","KristyanaNN","","","","",""
"","","","","","","","","T0nyaSinclair","","","","",""
"","","","","","","","","KimberleighLamb","","","","",""
"","","","","","","","","HamburgBote","","","","",""
"","","","","","","","","ReachItDoIt","","","","",""
"","","","","","","","","KirstenLaDaniel","","","","",""
"","","","","","","","","gwen_garland","","","","",""
"","","","","","","","","KlausFinker","","","","",""
"","","","","","","","","srahSE","","","","",""
